Actual_RUL,Predicted_RUL
130,115.37466945075013
130,110.05565425714671
130,116.86249573399924
130,113.13920464460637
130,105.37188575182174
130,105.82665821938646
130,98.88151639778252
130,120.48113827166094
130,111.70699649212234
130,110.87348109975264
130,110.89245477143119
130,116.02995232410096
130,114.62049969655064
130,114.49808473997453
130,115.68220148151303
130,118.34698116214692
130,109.87418424323745
130,113.02871024136482
130,116.06117780379849
130,113.88512585248831
130,105.69101891283432
130,114.72228856174746
130,114.85821229385348
130,115.25853074363782
130,114.1833743803596
130,112.51485151498416
130,112.18353508375081
130,112.88836592764841
130,112.8884144099586
130,106.54625289220638
130,109.91917101024032
130,113.81696387598456
130,107.62566352101007
130,105.52392854012855
130,115.54606476987028
130,115.03138318829309
130,116.78172933750116
130,108.35006399816423
130,117.33543762238999
130,116.35342185717025
130,107.51417273857311
130,114.86155221747086
130,112.20825297666269
130,107.64947214076507
130,111.53285293442354
130,108.65669921343944
130,109.7180115441427
130,114.37048076613671
130,116.55544737731704
130,108.7108724551873
130,114.52504354416601
130,113.62052069879407
130,107.27356982058645
130,114.57578391197642
130,110.53471160119108
130,108.84958262338915
130,107.53151443234051
130,113.83877580683661
130,119.86217788245827
130,113.00443237627931
130,116.1904126088849
130,107.73735840441996
130,113.07335174989062
130,110.23088069009742
130,113.46082693806102
130,117.99888256548928
130,105.18439836537708
130,113.03712464846481
130,117.14762165755616
130,110.27536065522601
130,112.24032689018058
130,111.64848147386564
130,104.38725957952597
130,109.91068617477661
130,117.67995503674334
130,108.79307057835487
130,115.94023071046402
130,108.64807291417482
130,112.3177217406343
130,100.36162600055957
130,108.8670541520126
130,112.55531807128156
130,110.33184340158866
130,108.83708032949059
130,109.37949181660724
130,103.9175563848792
130,112.31543084703968
130,103.17360217278927
130,93.49361552517063
130,111.9559240366592
130,117.02709889322742
130,115.28558085771034
130,110.60858610180117
130,111.64383520032885
130,113.93651003437927
130,93.00118091758199
130,101.02264043014512
130,104.28449601799453
130,97.74520430761788
130,102.30458201253923
130,109.9384154147931
130,108.15548831292114
130,117.36146216754862
130,101.35444275726269
130,113.9865334126995
130,111.22040200805759
130,91.0901629954177
130,110.81504661174105
130,110.73324673688
130,100.21914167638525
129,101.16557487614517
128,94.22098512233582
127,116.42111280141049
126,100.48067524780176
125,91.80246956121134
124,102.84896861372592
123,107.10629390371373
122,100.16530278733812
121,92.95339318900473
120,93.33786971695905
119,101.581630224768
118,84.09737047983687
117,109.422377231755
116,101.63469832694206
115,112.33463875967881
114,96.69552886997492
113,107.25111003343939
112,100.54093097050139
111,87.03905613418834
110,98.07875007044298
109,85.27142765021622
108,98.44536467952813
107,96.66130234941048
106,99.2573381039391
105,108.85135427142156
104,106.72695582973999
103,97.71341891658474
102,112.8129371056251
101,97.91080622856121
100,92.69034705884904
99,97.36750658412194
98,90.27106296683117
97,85.80589866637874
96,85.26493560487262
95,92.34490613865236
94,94.1988183767968
93,109.34995532086982
92,92.04937504896479
91,92.04453065932398
90,79.68737728164152
89,106.024218678296
88,98.2332257074287
87,115.01087470083083
86,82.25499730932141
85,99.98531954328465
84,89.49762788788196
83,83.62815617463238
82,90.62846987425702
81,87.32886411520197
80,88.77820873000643
79,87.3166818384773
78,98.4055050353482
77,100.23214082700588
76,67.64041822497056
75,91.99885063819141
74,103.41945131313986
73,68.71312549658978
72,65.17499731159982
71,88.59892239615974
70,79.42139126879734
69,87.96716040950126
68,54.88432549394476
67,87.73767711903767
66,89.86263587474606
65,64.39940814289703
64,84.68139440891423
63,57.94814515580908
62,70.06570035023213
61,64.67942601587893
60,87.93092128426774
59,59.97661644393815
58,55.38543207593756
57,78.27050571139398
56,56.69804503163577
55,64.42331000067117
54,76.01221498293874
53,47.756512501092836
52,57.5738154331236
51,50.65518128083302
50,49.920092010279156
49,43.29602912365997
48,48.46607249292057
47,60.693211967681066
46,63.15444678932179
45,36.990087074733246
44,49.97333449726715
43,32.5344749191612
42,40.531716301083044
41,36.1063417297879
40,53.319098378551374
39,32.452165869153866
38,43.1413859936071
37,30.763005514305252
36,40.91656691226525
35,39.28186695459067
34,35.118301437458456
33,16.844974952210563
32,41.30440278010886
31,31.267393157740916
30,28.233978085568015
29,27.655055726078317
28,30.579631314465715
27,21.37234343339561
26,17.407804069752554
25,16.828108303539917
24,13.038615522251511
23,10.726382571294124
22,19.57253144863916
21,17.117132809531675
20,31.739753910956484
19,19.515740220911496
18,25.720936441096583
17,11.140622767628741
16,17.084493999982627
15,15.217038738881607
14,13.241158519673496
13,17.944856318414054
12,10.830656317203818
11,13.256108080732872
10,18.454714025739673
9,9.967590411341307
8,15.642279260242104
7,8.023036223394767
6,15.324895553520548
5,4.859565368721968
4,5.736326172210477
3,1.705160218765224
2,5.839054572123216
1,1.7185384418993144
0,8.024729685498924
130,127.57294469043326
130,127.0447052235268
130,129.09791146256
130,126.65990926390208
130,128.67902756264155
130,126.50625818966041
130,129.2477507221767
130,127.28195709536662
130,128.75060370506466
130,129.06054015930494
130,125.37471043099751
130,128.93189325953776
130,129.40243278960608
130,126.36514664579408
130,127.24367969496316
130,126.48465290829041
130,128.96403861451253
130,127.44023068122947
130,128.8647351698543
130,126.35079730889997
130,129.31075988362937
130,126.78606716619154
130,127.7763847025844
130,127.65191627118654
130,127.45009075327813
130,128.31950745860948
130,129.10663919101012
130,129.4951957481352
130,127.37191561772721
130,125.04602180575613
130,124.66253387953245
130,129.18685083055752
130,126.06614105840795
130,129.32279863721345
130,126.72386995579764
130,128.75487999520226
130,128.73330788720114
130,128.16213311120052
130,128.2131717709422
130,126.08988647579397
130,127.95833601036773
130,128.71482278805556
130,128.97666297601418
130,127.75729890649639
130,128.5741399443324
130,127.33589528900916
130,127.68782978650316
130,118.0646215931818
130,128.18349329190065
130,125.52649719365544
130,128.8452655262042
130,125.90742786140244
130,124.8074833991859
130,128.182832667111
130,128.10814425239926
130,127.82150829971746
130,127.81440166403036
130,126.43360044552523
130,129.07626312435093
130,125.56409743274999
130,128.1584850435531
130,129.0218215986847
130,123.67323478780037
130,129.32815729359416
130,129.60697002144636
130,127.58429996058074
130,123.86227676875285
130,121.4092541868395
130,119.64683603607752
130,128.02630081914333
130,124.27644527874298
130,126.19526043502344
130,128.38488415248287
130,128.0552170147368
130,121.66127093681702
130,125.87288136508964
130,123.14489473633643
130,125.08086870886065
130,128.80970022831312
130,120.56922728860268
130,126.56497914111661
130,129.00693284708203
130,122.9476241870956
130,128.30510971203395
129,127.7834247223225
128,122.6787634316727
127,124.14164460262258
126,123.39799222105454
125,129.15947835516076
124,127.05540941818302
123,114.97694159294608
122,127.88941111257411
121,127.50270594923622
120,127.30051101544787
119,128.07991706644813
118,122.04176814720724
117,120.33885957815595
116,124.08092795792004
115,128.5890423517423
114,119.92869842304916
113,125.14390094870917
112,123.00530165690193
111,122.9241800709013
110,124.22269051184676
109,127.39310239643861
108,124.79509347495737
107,121.31425881434535
106,117.29251208973541
105,126.20367935824989
104,114.7759262950832
103,117.92977596359275
102,117.41230539450204
101,118.41803045923172
100,109.71045189818348
99,113.41261859747132
98,114.65888161139284
97,117.54238377885747
96,93.94639782156403
95,110.04749955366331
94,103.48007104763208
93,111.45472564938231
92,94.78937375056528
91,117.01876468443838
90,101.93580138869531
89,127.95988589367214
88,95.6272157257979
87,84.6787292188778
86,110.08359638418057
85,104.24561074414076
84,85.37524859757272
83,95.68521503447819
82,89.43807922555044
81,88.70657990576227
80,82.11097696747696
79,102.86026225168409
78,90.99180510133141
77,76.31730303030304
76,91.39043867243865
75,113.28999007422475
74,83.15700203108439
73,78.45817857142856
72,79.50678787878788
71,84.60044197632432
70,78.22438034188033
69,77.65246645459804
68,80.53017685937252
67,85.098450993451
66,79.40576938502674
65,77.481867003367
64,69.62497913343967
63,76.23255555555555
62,78.38342210730445
61,73.29524750412986
60,70.44010295260296
59,63.97187909082899
58,56.42957000421285
57,51.706005483166045
56,62.86754588199324
55,62.20850805675806
54,60.745139000330674
53,64.56005639097744
52,60.46875925925925
51,62.53916666666667
50,54.93712698412698
49,54.70518323571853
48,50.067750505050505
47,42.41221375661376
46,47.917121693121686
45,42.60355555555556
44,46.70451274651275
43,45.318714285714286
42,50.79333333333334
41,44.0079257683568
40,40.30916161616162
39,43.31308201058201
38,37.129230769230766
37,39.280072613660856
36,39.09789682539682
35,29.037450980392155
34,41.3372037037037
33,28.07059523809524
32,30.073333333333334
31,36.13518518518518
30,25.948299465240645
29,38.71222222222222
28,23.093887445887447
27,25.114666666666665
26,24.44259259259259
25,30.554074074074077
24,21.519870172311347
23,24.407498556998554
22,23.493333333333332
21,19.637986772486773
20,19.314166666666665
19,12.935246753246751
18,16.259042328042327
17,15.902574074074073
16,19.904444444444444
15,17.264444444444443
14,16.086666666666666
13,10.016243075007782
12,13.68699470899471
11,11.030949494949496
10,12.809907407407406
9,9.460854700854702
8,8.310868945868945
7,9.405808080808082
6,6.023017244484012
5,4.2837130848168385
4,5.442411249508375
3,5.221470859486987
2,4.307179822419336
1,4.658369481246142
0,2.939416867400707
130,129.15833394043244
130,128.79695992723182
130,128.8459789664186
130,127.87318545394857
130,127.50188702834511
130,129.12480162649794
130,129.66112962798596
130,129.1973339409162
130,128.0154413679643
130,128.1032291767713
130,126.54304727324372
130,126.41960332296122
130,129.3662968236128
130,121.42790865701853
130,129.70702749616575
130,129.2429009217362
130,126.75024695586289
130,129.10012340085012
130,124.10105962952136
130,129.5021683465252
130,129.11985320201927
130,128.08371999724136
130,126.08113805907892
130,125.04140766798463
130,128.81687868333333
130,129.01797061841484
130,129.5177742473966
130,128.10787513853992
130,128.1583035402712
130,129.69939762891042
130,124.9815908561773
130,128.70674429413518
130,127.70783601286234
130,128.62121952555006
130,127.91485787544748
130,127.53883307222105
130,127.98964084539334
130,128.76451545552644
130,127.04018279956462
130,129.2240284205351
130,128.86709466487432
130,129.59036033849267
130,128.86771240515318
130,129.35453038350775
130,128.56814556263484
130,129.44076837357093
130,128.43814739940038
130,127.31786834693199
130,128.25710081979827
130,126.71553744814021
130,116.14689154009868
130,129.47524340161974
130,123.16349058667666
130,129.14824950784512
130,126.06599563297692
130,126.3355562118231
130,126.15790981478155
130,128.5963692478864
130,126.48506837351815
130,127.03735641150857
130,126.89935137816151
130,127.91183062711214
130,128.44026679751693
130,129.03681013454718
130,127.13865132829352
130,128.91293419848455
130,128.02794813390335
130,127.23238617905663
130,128.828834830958
130,128.98008096524018
130,129.37202813079432
130,128.28473883947763
130,128.20364081918393
130,129.62067463286317
130,121.71861886875891
130,125.17403740694174
130,128.9730040041061
130,129.68390731199693
130,127.80951293228982
130,128.0417774466648
130,129.31435539941904
130,128.26329916478153
130,127.23743046729287
130,121.34966527572018
130,126.90465168945349
130,123.52675445972913
130,127.81579750184433
130,128.06330996500873
130,128.4926098656921
130,123.1195366906022
130,124.31885387943898
130,126.87487657755761
130,129.09883811437737
130,125.3685480584388
130,126.88869151283808
130,128.1703400145033
130,125.4682445459515
130,128.68595002720502
130,128.1310788869769
130,128.63735072202772
130,128.88992995714298
130,117.94532533198294
130,125.98341683873146
130,126.29708237876459
130,127.19586845981978
130,129.56828274315788
130,129.30463214406163
130,127.35962446438106
130,125.14328125442357
130,127.5209090294236
130,126.13076598590223
130,125.65162970337508
130,118.75885513948441
130,125.44212209252747
130,128.53124891420782
130,126.51964776357177
130,122.88814450876006
130,119.32851895885001
130,125.36755696579921
130,128.51093467248702
130,125.68394562835945
130,124.07933804006939
130,125.89015163260987
130,120.5051889264273
130,127.08203498743497
130,127.31440297630424
130,126.31969623199517
130,114.96293812939349
130,126.12470190131054
130,125.16555584497755
130,126.73437677050188
130,123.85687590663503
130,118.4166498564516
130,124.78077674505492
130,110.18597257130867
130,126.01057609643404
130,129.2544600735708
130,123.88412845940606
130,124.54197943761224
130,128.98468848005908
130,121.89120935291663
130,126.49976124512779
130,120.99536296434091
130,117.33263105059297
130,121.41275147613281
130,119.59838304768326
130,113.86501083455883
130,117.16818161134883
130,112.30078576499054
130,124.675121887262
130,125.5101393641832
130,114.31699764012524
130,127.74655636178257
130,127.13292663454521
130,123.68095629080408
130,126.43016232775929
130,125.83352187403119
130,108.79374275171219
130,127.76315640715353
130,121.81564407432792
130,113.19888894708438
130,115.48255908277456
130,122.33350388026187
129,116.19030792925359
128,122.17319650887201
127,122.64488685836282
126,113.46543750030315
125,122.48139184411528
124,119.84448073965973
123,116.05485413225819
122,114.45537826930047
121,123.46060410312339
120,120.46062858262704
119,101.35582681362897
118,118.14103730027605
117,115.58992997714859
116,117.13727117675633
115,121.07333673298362
114,116.7170095102535
113,120.80424413414357
112,122.08317942662805
111,118.92896017007476
110,114.37903926858066
109,112.15652653918083
108,116.91251326069461
107,110.35233181394457
106,113.2794987900404
105,113.35488200592488
104,119.21842362835896
103,120.39071093870284
102,114.52208032013876
101,110.6939945031671
100,104.59526911156026
99,115.44070633889271
98,113.06831282852404
97,111.7818715676318
96,115.60814466671815
95,120.75498301189323
94,103.36184607940548
93,108.28909948788363
92,115.94205661813585
91,120.10533561154244
90,110.6542739906221
89,115.57739673656548
88,113.02864034551935
87,103.3990325104399
86,104.51212279540468
85,110.57167952468787
84,115.03180807217335
83,114.72427273762263
82,111.73386013851149
81,110.248764370382
80,117.05170482239402
79,111.9661706450918
78,117.62806419893059
77,118.62211463532239
76,111.31266576404994
75,115.16223510829616
74,114.13106921170807
73,105.74583778822684
72,115.68966048385313
71,111.23264761406423
70,108.88996711373512
69,110.93106353416003
68,114.61329920013551
67,117.0321589156185
66,101.45644569605382
65,112.12437012171702
64,111.02625498665904
63,92.83873679112592
62,114.23687530061487
61,104.72385567187702
60,114.01638358879265
59,105.35156149005653
58,111.01213323478645
57,100.73346404724217
56,91.34899988885907
55,78.09908070226822
54,95.54587835621133
53,89.68036746913248
52,80.9877831785054
51,60.655961904871376
50,87.35885930138993
49,88.47570647477265
48,80.7778087477348
47,82.42077494626426
46,82.26965327302055
45,59.002898147762025
44,84.65472986475295
43,51.788166921970216
42,65.02162102301176
41,51.84065216795908
40,60.64583561399377
39,70.43125553155704
38,70.99660318305314
37,45.692598781448154
36,50.09474378970357
35,77.75736019240072
34,60.426565934065934
33,34.52037569866033
32,43.95895527665708
31,33.9094220205491
30,40.98325049037307
29,43.64462700889659
28,39.255794175883054
27,48.23007208660765
26,24.807284202194808
25,24.36088096160377
24,21.45469964444891
23,27.25273955803723
22,20.24984353633745
21,33.92635674704361
20,24.751465371318947
19,17.1361166218738
18,18.686653413589024
17,28.936331856018732
16,29.834774285451772
15,16.08444562997381
14,10.785507194418487
13,22.14656333341961
12,10.592167693241674
11,11.93023510981356
10,11.661383914028823
9,6.628062573896452
8,10.961430583183017
7,11.466371902607195
6,9.900895741689594
5,7.561964485410128
4,7.839064166008285
3,3.5317785177486862
2,3.4145247667254366
1,4.64374887896796
0,2.4811357608125246
130,90.37099898205967
130,99.02640075938754
130,122.22115403288963
130,106.73786829847782
130,110.30741345468836
130,119.20652006401397
130,119.25509231683529
130,119.9838857407799
130,117.95954561685721
130,111.02740971260017
130,100.2200218805167
130,98.1416060269717
130,113.53808219021104
130,119.8320860745702
130,109.76893501352058
130,117.08116957105332
130,123.00910541340131
130,118.81405446643973
130,100.74648809317257
130,120.31974259175115
130,116.64977824324686
130,102.71399300656134
130,102.34959486017115
130,108.61473475249932
130,108.21436151618391
130,109.31983925009283
130,119.47880575773081
130,94.22249911845925
130,110.6152840224346
130,94.86532230547691
130,118.67248277257931
130,117.2536934892417
130,94.29076282840668
130,108.26562843568664
130,107.55840537927243
130,120.31082358043966
130,121.43275416550085
130,118.55040531454115
130,112.7665238310956
130,115.93194565677577
130,117.30552095277106
130,118.0129615306205
130,103.8215147241973
130,107.81478227874948
130,118.89047116660336
130,120.02908515972662
130,115.20941856910208
130,106.22701049327704
130,103.12472232981678
130,117.24905528782483
130,113.71464035832665
130,108.91124322744976
130,107.91951525825648
130,115.82500920086541
130,116.36721260721613
130,117.34061018906097
130,114.74127965119449
130,94.08594463825257
130,108.67632298872815
130,112.54545564695856
130,85.52368137735877
130,117.8351762158648
130,115.95880263857839
130,119.23845232143641
130,103.56495913946861
130,111.78385546663374
130,120.14528836995933
130,106.13457348157738
130,107.26959924638149
130,111.77979258940272
130,111.69897418326512
130,105.9588138911005
130,113.7565625208284
130,94.20305561126821
130,118.80857042144206
130,104.73900759619883
130,107.28781200365725
130,112.1454920251164
130,100.17448592050015
130,98.96945326854761
130,88.02851208761555
130,116.8393046691689
130,107.51524143931279
130,81.83984770904127
130,111.31662850226509
130,105.74442414781059
130,109.86540047180111
130,114.93860776365518
130,91.25734487126762
130,92.47768695837308
130,119.20296479659041
130,80.63666876795055
130,108.80199424399858
130,120.99213312114817
130,90.35159457454603
130,98.7287567237718
130,107.97822438542539
130,88.52141569354788
130,107.34999907476083
130,110.91761231272437
130,94.22045228693695
130,105.60038828385335
130,111.28256071097726
130,91.66076680064067
130,112.74884830861556
130,115.64271769920788
130,79.41232512948237
130,103.6988121514336
130,96.41005722430285
130,107.75427514089036
130,67.63445857628236
130,105.02695417372702
130,102.95011341285011
130,115.8313529340194
130,97.8760365907593
130,74.64720971168285
130,113.55582338874709
130,88.62582388417022
130,97.0317723186603
130,116.07505106953111
130,118.38303006724954
130,107.9317955030889
130,77.01890231990232
130,96.25352194631779
130,99.39574930073019
130,85.77290301431255
130,91.4140830818528
130,75.3929029086382
130,108.21607201570895
130,73.85370340143557
130,106.47120488732753
130,101.48134305513017
130,92.95965694385097
130,87.79278817040674
130,74.16086703385899
130,91.07083788298334
130,95.58556064500634
129,98.3854931746606
128,99.00843788117018
127,75.87211023123328
126,86.3398863210336
125,96.86621768710883
124,107.85396605228838
123,80.9078645321184
122,87.60130063762828
121,83.97881065245753
120,102.60027022469775
119,101.5342321537382
118,100.17106890043407
117,105.2532262790952
116,63.26076137966451
115,68.39726565259697
114,63.061869339356285
113,66.95905911405129
112,47.72285162759022
111,50.77256373232871
110,72.40521092801137
109,57.272174211944524
108,62.83807770007769
107,73.79820135235241
106,75.78375923153166
105,93.51933426261942
104,85.53840035126144
103,87.44220698720211
102,61.64447932125725
101,64.34047801820454
100,57.98273321629695
99,58.79454835242517
98,70.99192994302803
97,75.71797896916016
96,66.82271495892
95,68.77363759697094
94,87.63577689995324
93,53.22874465727408
92,52.130756269834926
91,49.99389335914736
90,51.885103664622044
89,68.68030980877862
88,55.29437464940251
87,67.40865457134208
86,34.30264554180016
85,43.823280834661546
84,94.71906119584219
83,83.19915362675826
82,62.296175878965045
81,59.572299296596064
80,64.91598348585347
79,45.38707633355263
78,89.80945241307145
77,54.95480712078548
76,61.743628820857424
75,70.33311496315464
74,43.895874955139995
73,47.45669760450738
72,39.08851794353498
71,48.930436913369206
70,54.77526716606054
69,54.90340490565963
68,50.49942483175736
67,73.33852656860346
66,53.571129668041706
65,43.54370127116576
64,53.68570695415695
63,50.6954572729076
62,36.83681774706774
61,44.32367322431134
60,42.74458954124773
59,26.50274387686363
58,34.86474649390528
57,30.410925004597683
56,41.55584753705681
55,38.57715331765867
54,38.25456298220726
53,29.42925721264709
52,38.70779374668212
51,41.36213241011947
50,43.30607120458195
49,48.740248982984966
48,28.258788219343163
47,32.08629462759871
46,32.64664838290324
45,36.6237812026844
44,34.04183617465132
43,44.40115778937838
42,24.954620155980066
41,23.452035568115086
40,22.796824979383327
39,27.743552152438145
38,30.6208995167401
37,22.610464290512574
36,28.99127070867542
35,23.312696568429853
34,39.06015237888516
33,18.970460569843294
32,29.228316840587784
31,25.76310861648841
30,17.3473427592349
29,22.940320357048183
28,30.539707002692168
27,27.964235966658755
26,12.142287186659416
25,24.185703249722987
24,10.538498969877667
23,17.077185895028222
22,15.771372778489075
21,30.525534985731085
20,27.07352806509027
19,24.686466346266215
18,9.0026418353058
17,13.313690295149414
16,14.269140131672799
15,11.97677639768055
14,7.598651050772175
13,18.349383786812393
12,18.28909356217699
11,11.722987981741348
10,10.506200357141106
9,14.984357777996223
8,8.480469766875274
7,4.306919075851581
6,7.672964483017143
5,7.711571051797138
4,6.022568476159376
3,11.28602046783626
2,3.5023053139413696
1,5.500596283700108
0,3.088256955747458
130,120.6003807528999
130,116.48744454949444
130,124.7625969656152
130,123.26000323698388
130,124.71443182848743
130,115.64379743845691
130,115.78065624266526
130,122.1863911520095
130,114.5933763604696
130,122.58456072569919
130,121.73008449511677
130,119.17423415334437
130,113.2032368151928
130,119.47899761061923
130,123.85949911951104
130,118.02426032846876
130,119.73531699709
130,125.38391337106208
130,123.18957389585368
130,125.55873420381812
130,118.52452008192834
130,119.07125059003195
130,122.69763041751804
130,124.2442234379723
130,119.15978291818452
130,121.16145431917636
130,117.37883015718783
130,118.41096663468244
130,116.19631337911765
130,122.58362628517158
130,122.73248121947998
130,124.89357696632739
130,124.1065524448976
130,123.4198032805805
130,121.85254963701121
130,121.23386968173193
130,114.76708202447799
130,122.26019854377405
130,125.47809555980234
130,123.95337177294347
130,124.64868083075199
130,126.52061139863865
130,123.47436697380037
130,123.65499778426444
130,117.29402357963023
130,123.01793474413837
130,122.4589815378264
130,118.12011041312724
130,120.86917568017947
130,123.13072350489625
130,123.54179584069867
130,122.8821787281185
130,122.90614522152
130,116.09529214266547
130,120.15670764990843
130,121.79800309156722
130,113.38565490083798
130,124.49852510087221
129,124.62087004851671
128,120.47298311281132
127,111.68814403888712
126,123.07822499615759
125,124.52085335424437
124,121.82067912269022
123,120.16213188138983
122,115.69111854095085
121,120.06989282701981
120,118.80435306700456
119,120.67434773941505
118,120.94783323995823
117,123.27923576742869
116,120.28087952618505
115,118.58019236493305
114,112.08834826328163
113,114.80724425463073
112,114.26736233194703
111,120.15784252402591
110,121.42320578054115
109,122.04741359057759
108,119.58817839840786
107,110.7308056748485
106,121.06248346287893
105,124.01819636947883
104,93.46627999291427
103,117.3657496700025
102,114.89683115748956
101,109.1114440545601
100,114.60653958036998
99,119.73006560947569
98,124.73178288603161
97,120.83361117646889
96,120.2528133640961
95,116.91716095812951
94,112.41800468278426
93,120.16114854952366
92,120.91489321119322
91,116.11473465365654
90,117.9053420938366
89,109.7204542299655
88,119.61483803275793
87,108.65904789881337
86,113.25185702005382
85,105.33499572544815
84,120.4650856848746
83,115.24181762727135
82,121.24679782753202
81,106.75004970700721
80,109.07961310717705
79,114.37753662677254
78,117.74507815777861
77,112.33072123054721
76,98.5520789878495
75,104.74390523153058
74,113.75570815917044
73,114.5903737857224
72,100.57728194521245
71,76.9084333893435
70,106.83786773519758
69,108.46581407398001
68,115.78574450923452
67,97.76185173784206
66,78.7325947905826
65,93.938220992795
64,106.69776848084267
63,87.69468243197035
62,115.41979807102999
61,93.44050728078513
60,99.30730436390927
59,103.48715887102995
58,85.25025379845472
57,70.25499386380423
56,99.73458876472023
55,71.7295264036902
54,58.290201450760385
53,94.44241210713761
52,83.71214463113873
51,108.13974785176114
50,69.49102568159218
49,112.418879804884
48,57.335208148849404
47,60.511696892376044
46,85.68582085809658
45,72.53426053017377
44,97.80170384594825
43,92.30045821741471
42,66.60514948940988
41,86.46330261136151
40,53.34536029595457
39,44.747527145230485
38,48.898695740029495
37,46.36927418431706
36,40.693581278809724
35,47.97628329211962
34,44.803466296150084
33,40.294845522629636
32,81.57479025147401
31,47.133925906165736
30,38.47677250987607
29,45.833827540019044
28,29.83343607595986
27,34.27352467943485
26,28.86112664687055
25,27.56396484517316
24,40.434344629502384
23,33.75575967642979
22,39.01394008004083
21,27.115178897457156
20,27.376929260971945
19,29.110516365859723
18,19.876156840681677
17,26.219910623062393
16,17.95819302551708
15,18.167442229110144
14,20.38478579715116
13,9.973894194670205
12,22.77762994666153
11,16.92962379124814
10,11.72943115752463
9,10.956536617981378
8,18.355037098547644
7,14.252683858276605
6,7.942204132624105
5,7.901026728127593
4,7.6276748462585555
3,8.142662436201908
2,2.5128720986100395
1,1.7739574170467525
0,3.2366866746868643
130,114.32684390556892
130,103.53813486113992
130,115.7543865575961
130,119.84539167872205
130,110.64995324288608
130,107.74886465993859
130,116.66140872535725
130,111.66093106953555
130,113.27200280182859
130,113.71830930423481
130,114.95506226046513
130,116.07121416524525
130,119.18142602971953
130,104.46833414027421
130,103.15893873346539
130,114.98775865797043
130,110.28348684268074
130,104.37223656130035
130,109.34871606897437
130,111.00111299063407
130,119.10314347747085
130,101.92514548041883
130,107.57106578698173
130,109.57784326658694
130,102.90907809103791
130,109.13713065932888
130,107.11123506707595
130,110.50797536261453
130,110.35194284493625
130,115.43688557544645
130,110.08370678551498
130,116.49481880465166
130,112.88697335691283
130,118.59058247185794
130,114.1938780558863
130,99.78882489353795
130,107.85789257185111
130,109.86425881594886
130,96.12622227559586
130,107.27314643717585
130,114.22634335358998
130,108.58331160746297
130,109.18035573321686
130,110.32651992404172
130,111.66516641763134
130,109.4585843270288
130,105.11712936240812
130,110.72631162558406
130,116.87079040578362
130,118.33681883827936
130,113.72133123797182
130,111.05599370260241
130,108.38228974625872
130,104.97184126844934
130,112.74332374656028
130,110.01570306392108
130,112.06146606738957
130,117.22650683943121
130,108.70735051635054
130,104.8809463492467
130,107.6004458819468
130,110.85487531952866
130,111.91827347172982
130,112.42253636728009
130,115.03906016294687
130,97.23564070053754
130,114.42436496238749
130,103.41627296733965
130,111.42626680959242
130,108.16106320656766
130,108.60659221050047
130,110.71432682381972
130,113.8155632114594
130,108.07716200571478
130,108.22487297140927
130,113.26138756443795
130,114.81702711984079
130,98.11088594054488
130,111.0178596284207
130,107.43107355374786
130,110.14164344657125
130,108.87436475675581
130,101.40237949271925
130,112.00471482811433
130,111.29172466624742
130,119.2083943911895
130,114.50860564550315
130,110.58825181407235
130,104.33987236523548
130,111.13016097456023
130,104.80968209657033
130,112.57509651418974
130,105.53800623622865
130,101.30065153139451
130,112.90966667636204
130,109.64389360052354
130,103.1832126391437
130,112.5744809290839
130,108.79755020822537
130,117.02892423818143
130,108.04501245691999
130,94.22847077104002
130,114.82546961292054
130,110.7789412454523
130,103.6997457433412
130,112.50865693736438
130,110.6551664691979
130,101.30918762039016
130,97.90423856551729
130,107.99991246136595
130,108.21998171019825
130,97.07155455742635
130,108.90930696368258
130,117.7712865207838
130,102.78033368440245
130,109.00147102931986
130,86.06013958511846
130,88.80683333333333
130,93.33786773560804
130,112.64042124901638
130,106.54008932795895
130,106.54320254053815
130,102.72838417155863
130,111.16246390763222
130,101.91709277905626
130,92.90898303248993
130,98.00626341433627
130,114.26203488799402
130,102.8116246312946
130,102.95455247620423
130,110.04764653300553
130,101.92533559701383
130,109.38930095126084
130,90.60812962195396
130,98.40643056148697
130,110.83170051425698
130,101.86481275784472
130,104.62656110257366
130,104.64048982981508
130,107.34113814538038
130,108.00846699590441
130,99.41305874705046
130,105.48496551015626
130,93.3011454594482
130,87.32369673235425
130,92.7898217995052
130,106.53190875945677
130,84.45012785594292
129,85.61405698863192
128,87.04446753925399
127,100.19342784509216
126,97.6925951165585
125,80.82375454836256
124,92.00943463714108
123,101.95544059118399
122,92.32415811520615
121,88.92097061409545
120,97.64321134034148
119,95.76618719103728
118,92.20888037268692
117,90.02942663536884
116,90.32538150149458
115,104.42218820742498
114,88.9456070487587
113,88.3399235212452
112,93.64629390300388
111,82.6588040352975
110,75.72326843131124
109,79.34188163073199
108,82.91873019041577
107,102.6289714357316
106,76.868466605713
105,91.85089187907349
104,81.08525582179
103,80.60229168531399
102,81.0270887895414
101,83.5593898108829
100,82.8531144583601
99,89.65802595221295
98,86.49416068312193
97,77.2515072651473
96,89.21736042969377
95,75.69894423350372
94,73.60141216156103
93,86.40256057470127
92,81.29841349206349
91,82.38071721137989
90,82.6583868735398
89,59.79101380764341
88,82.09867501281177
87,67.63631977717506
86,69.54443589145812
85,84.1587266024509
84,71.1169358404958
83,73.2492554634989
82,74.79649844882312
81,74.15631436895696
80,73.937201548953
79,85.35665673503874
78,66.74126616067304
77,75.55769525687455
76,65.00604426074891
75,57.330387643227596
74,56.90090003226947
73,59.50715965826352
72,64.70058691807267
71,63.69730633310045
70,63.06728441464708
69,55.37711171922336
68,68.07318174879019
67,51.93828728629303
66,66.7395492214628
65,67.98800333282442
64,59.390846317588355
63,42.364063257818344
62,58.190030382775696
61,58.80224251581271
60,72.59004658459806
59,70.15728247167397
58,42.37129948025283
57,67.43775215855624
56,45.020110772965
55,54.99152211560347
54,58.779390954250495
53,65.09690553474579
52,48.09035027604009
51,38.384515974387476
50,50.126932715059326
49,56.43258993522339
48,43.23098547120714
47,41.27386883032268
46,37.29296934865901
45,34.42439549557196
44,51.6567042354396
43,32.33556576006965
42,29.96025064217494
41,34.852459027200624
40,25.363557951077826
39,35.882540884111535
38,32.236832156057396
37,38.6720261164761
36,21.139733491417555
35,27.886451529724617
34,30.36116429121916
33,27.34340762872771
32,18.9374423122011
31,22.405992219842606
30,18.703168914837903
29,24.11028949961328
28,11.40276484840013
27,24.25733169076808
26,12.179706495057495
25,26.673296225834978
24,18.87112197741216
23,15.934195608716882
22,22.802986046428455
21,14.009740518002442
20,15.950777671980275
19,17.992342359727928
18,18.697047479876836
17,12.009503480940968
16,10.863205571146821
15,5.349157681090814
14,5.287234960906379
13,20.11534801219115
12,9.556278946186303
11,10.130750423109786
10,3.7021923294790544
9,9.227974803115327
8,16.54670457510175
7,8.495598976182881
6,9.298777878967352
5,12.065115773115775
4,8.795564387273375
3,7.605332160891787
2,9.19763358804879
1,4.9961413355398925
0,10.133311688025241
130,112.31792024857556
130,98.1627930234525
130,118.13591635392149
130,110.82064760343015
130,112.58429183105744
130,109.92550765886108
130,108.54356222242406
130,110.22375698128776
130,110.33511171474272
130,120.4582763237759
130,109.66213336584715
130,108.550644483936
130,96.74690561517859
130,106.17403625318052
130,112.31031584100111
130,105.03556751770823
130,104.46073089808475
130,101.70592652856185
130,89.46703930653942
130,99.04254835294567
130,108.702786704003
130,110.14178633211738
130,116.24637325744004
130,109.77005668185006
130,109.83405778546866
130,114.7150920438999
130,113.17413769343514
130,110.5429792849101
130,112.05678752048259
130,110.96585861707439
130,98.12646787740539
130,108.03644927196477
130,114.62323535993717
130,102.72933614067487
130,105.13237012434864
130,89.74622597725374
130,108.08454642770516
130,104.80400156981014
130,106.4072288361962
130,99.26781342473349
130,109.86307391778455
130,107.98700406812996
130,95.20510205972418
130,108.939211778605
130,113.81707534445042
130,113.13848906998821
130,97.99441375553732
130,96.0874004044383
129,111.31299732411236
128,94.84706389877347
127,109.39355950882234
126,97.86234358074758
125,113.47658904186164
124,92.29960928182257
123,112.14487048388061
122,100.49996490987968
121,98.03509502368975
120,111.73454160284719
119,98.01125624103449
118,104.17005434443527
117,98.28217952443286
116,101.3419615566846
115,100.45706398745885
114,96.67247132394743
113,98.45065470011774
112,110.34466975294139
111,94.72521042637302
110,98.26669088711893
109,113.11381473805874
108,108.89469026638508
107,92.13019531918002
106,109.28413044557125
105,90.06339108230702
104,107.43813749076128
103,111.96166770134808
102,110.27006860095145
101,109.48701497233759
100,106.48817610004885
99,96.10653740746403
98,101.02637246241882
97,106.29880644161257
96,106.40723264383317
95,90.06181818134684
94,100.10770528537986
93,80.78014789595424
92,110.47073574310399
91,103.37016342624416
90,105.74417329175225
89,91.11127398644872
88,103.39407677483156
87,96.58399156131007
86,110.03632689441405
85,107.45549095026101
84,88.08336045855044
83,108.20781618204765
82,102.147215944947
81,92.07668312662489
80,92.07518570638564
79,105.1834901371751
78,97.77146882821168
77,89.78525207036117
76,108.37578222869493
75,103.17932121107246
74,89.685105965172
73,102.51776486991825
72,97.72689886133506
71,95.92171461048513
70,85.07478005892831
69,86.83735524821978
68,90.44301669798142
67,77.50630655611234
66,105.8952969316462
65,83.26852674669705
64,74.52079385121732
63,79.68024434623348
62,90.7865421280478
61,99.51809922502139
60,83.45124454994794
59,80.12965931306165
58,89.59203944110506
57,67.93428015112187
56,84.87050670900176
55,93.15833713046116
54,84.69913594584169
53,82.67167219869279
52,67.58085462281588
51,77.14611767212645
50,61.89546184525359
49,54.63139492514383
48,80.25535132764357
47,73.0868861825079
46,51.64834230375864
45,71.79035111148595
44,57.509538029989656
43,65.2568652446942
42,47.88449942507884
41,77.7626261126454
40,56.99274954873279
39,64.24404352523757
38,77.54317307262129
37,46.28316667736337
36,63.47476287393303
35,58.06037590387365
34,38.63071864152439
33,45.887570926422356
32,43.69339827776676
31,34.698047652007496
30,47.39264298913903
29,28.08436381561382
28,30.72620604718902
27,46.401544675330776
26,25.942062493786935
25,41.31514610481507
24,23.034893206401442
23,31.00059477309232
22,32.491743094068575
21,21.54371896800717
20,24.648104628849726
19,21.242952179000795
18,22.234975307167993
17,18.219748084667174
16,17.151149447847047
15,11.890348241255806
14,17.228114016529897
13,11.557743479605497
12,25.731627705627705
11,9.68535129999145
10,16.583462307032722
9,17.83118919069793
8,10.46205542885526
7,5.656016443846663
6,4.397665659481745
5,14.767006542098903
4,6.251850147581494
3,2.88156667105168
2,5.575158231289092
1,3.108360632910049
0,5.530722362766638
130,117.52971547508533
130,124.87968578465144
130,116.44294123634623
130,110.28722385224161
130,115.57672808167008
130,114.49177815022827
130,127.62378715736796
130,111.35140912482848
130,115.67072178342804
130,112.57990728606033
130,118.89594432483372
130,103.5806856740264
130,121.55824532652665
130,119.59816334826878
130,108.46693438121825
130,123.43732402254638
130,121.47926944786892
130,121.82241610489332
130,120.17698049510923
130,121.39178298768779
130,112.63755718703626
130,113.68993633213533
130,122.59448657882164
130,105.52438118005999
130,123.57836746101049
130,119.29817421634665
130,114.60985801671501
130,118.54540475024223
130,107.36868611918534
130,114.0712457923812
130,128.0485222151422
130,121.15642799503158
130,110.37266850689504
130,115.08922116288691
130,125.86651483361248
130,117.48449935085053
130,112.40944990355288
130,116.75177482765588
130,107.80032519588912
130,110.36343142038025
130,118.12293188900199
130,107.96883623211166
130,123.30843461452498
130,105.02562505466595
130,110.61763651668201
130,102.13852427209873
130,112.43589602101747
130,113.11850968879676
130,110.22814193293804
130,106.55140086420089
130,120.86796496676786
130,101.92902004256788
130,117.39699109064105
130,110.17085055144554
130,108.50059059035964
130,102.38105979425104
130,113.98660998340749
130,113.2811066221607
130,118.38217962901525
130,113.29626845517103
130,115.78694214313506
130,109.2628778704738
130,114.0726635964642
130,122.04521191627498
130,110.44807825531716
130,112.85362386847898
130,109.52799699655156
130,111.37469851850045
130,108.61884646880021
130,107.2016940207183
130,108.03009467399016
130,109.0971833464191
130,115.91290763507868
130,107.83063928395278
130,117.90714796870157
130,103.0724803896158
130,109.42104822098275
130,116.90714020465872
130,115.94087258796897
130,116.43268100562567
130,114.58432152134975
130,114.28607782658813
130,97.39195037046494
129,121.28529404988001
128,113.10242115641793
127,106.98268857143756
126,98.07324480394476
125,117.80657028044108
124,111.51438509397533
123,100.24434498382138
122,108.67262603329972
121,107.93271089879003
120,97.42516336065695
119,91.71184302795048
118,104.00283049049433
117,98.38718891621163
116,88.1824059975687
115,83.61641012811292
114,114.3433220180338
113,108.16300153717714
112,103.62589286335836
111,99.29618415053115
110,103.57770898979955
109,95.34755983765623
108,90.75768525212511
107,84.82877018145207
106,91.760591510718
105,91.83410933157445
104,105.06210197828867
103,76.40971060501496
102,100.93697585784663
101,86.72460902665759
100,83.19727272727272
99,91.37099380957466
98,87.9933137874758
97,85.31890553568815
96,67.76120661590718
95,74.03975868516191
94,96.49253036230269
93,96.98438053851284
92,81.81829348632375
91,67.77649456904258
90,72.22110482930354
89,85.3060746872068
88,97.43471445111891
87,103.83956366367788
86,72.0440870455709
85,71.71183362399998
84,64.81090041616571
83,79.79722828282827
82,68.52893262926756
81,92.98181077150943
80,83.95968993599564
79,79.81455838174973
78,59.303965355220534
77,58.055870896842016
76,56.093819315879884
75,74.22785473785474
74,65.35881158556248
73,53.345788686396226
72,58.243328347391966
71,57.44255999334351
70,66.15907552417016
69,66.79793531993573
68,70.24442797805854
67,50.30185671237917
66,50.88269505747354
65,63.630091913901545
64,58.36717955636986
63,48.59084769291572
62,50.37777206758431
61,61.56818250842722
60,56.817638787130306
59,63.43118659185996
58,55.506138006052765
57,53.83043599727972
56,52.62456874579367
55,46.82346987007368
54,52.665409923628886
53,56.943728823478814
52,57.032359076109074
51,50.929941007039176
50,45.82530374596199
49,49.31873831422271
48,50.438844494433994
47,47.731864865961676
46,47.33659253259531
45,44.520098661375144
44,40.47309863163656
43,42.19932329985127
42,40.97205548665388
41,44.129960350017186
40,35.9115070465632
39,32.53781716767251
38,37.44489476169577
37,34.081111168726416
36,36.456533105380935
35,28.984639923870187
34,30.076755059815945
33,35.37
32,30.77698412698412
31,29.826692810457516
30,33.85141414141414
29,23.476519949653213
28,31.681238095238097
27,24.273983330690342
26,25.457206552706555
25,25.64863480890669
24,23.971547619047616
23,25.148989870638754
22,20.353747897605043
21,24.540613094037777
20,23.504944076888236
19,19.364269135816542
18,15.982722222222222
17,14.846090559756549
16,16.464907262671968
15,21.40997142576453
14,14.533222222222221
13,14.229858733858734
12,13.592020388615216
11,16.155284992784996
10,11.678411190064049
9,7.815238510207937
8,12.552349206349206
7,8.84861689134351
6,9.965064814814815
5,7.3999542656011545
4,7.8387630025135575
3,4.503739701264283
2,3.883884989201855
1,4.7255565460144116
0,2.444834559810218
130,121.28289092241391
130,128.238661875259
130,122.81786293943648
130,121.09214460597042
130,118.10131515279332
130,123.98707651391689
130,125.9327000781576
130,127.230907888959
130,125.71271865496773
130,124.92569182659854
130,122.64497201988762
130,125.93606088171101
130,122.89568010649981
130,118.86511861659648
130,124.25470859032735
130,125.38636346444252
130,123.05122484199829
130,125.60424314792547
130,125.92915742665078
130,123.52680505575331
130,129.03256264561512
130,122.1564326664975
130,115.5464214651219
130,126.1774435395004
130,124.73128970081443
130,125.31519944045574
130,125.68273135626531
130,123.705184814691
130,122.78260059875218
130,128.49279474804845
130,123.2339367040373
130,124.11980813050832
130,121.80530231816319
130,127.860759719906
130,118.60384391377566
130,123.4196286662522
130,119.57699033287143
130,126.16278686551904
130,122.48662644563969
130,124.88696637173753
130,123.7487084515452
130,121.7344989980026
130,122.77637958576928
130,122.23382115775753
130,126.20641205967036
130,126.02904863166114
130,109.5686433607757
130,126.11929146055222
130,126.13004135456995
130,123.55181028058597
130,125.59272849252906
130,126.05095175111417
130,121.27760849040686
130,119.71899180615507
130,125.57771683900573
130,126.39943754760388
130,121.90490176430501
130,126.08784761685206
130,119.16927322562655
130,123.13886122216522
130,115.41333094456917
130,128.91809311429935
130,121.31773046206509
130,125.43858427103973
130,122.05572580109857
130,124.83524101758431
130,120.1114305522688
130,121.94847670731765
130,122.12115850484918
130,123.52333336501741
130,125.43335137174178
130,121.93598728814658
130,122.83008573772189
130,122.12900558833596
130,122.83961228360077
130,121.87193108553514
130,122.46979414440983
130,121.56077128970915
130,122.81701976248151
130,117.76561117475687
130,122.70999431776809
130,124.75791675026888
130,112.2223547156046
130,120.04962020033578
130,124.03178232021237
130,116.56683026330256
130,118.74813292887147
129,124.78672579589545
128,125.69370769036742
127,122.76557951361812
126,124.63341404844269
125,123.51044796794287
124,115.69348549140365
123,118.5695739955761
122,124.93225856725735
121,123.99726254287494
120,121.90596724412507
119,118.64615031152535
118,119.55420821718447
117,123.06704845798141
116,118.66790097836679
115,124.19927365371834
114,124.62149105145055
113,119.88990570275445
112,116.64507319851107
111,116.45786222239055
110,121.34711193301824
109,120.76660507567613
108,119.13870786513185
107,120.02462110591516
106,118.63257857811489
105,109.74909078593616
104,108.61580698992817
103,114.26657206358196
102,121.62203697430593
101,122.99791701780009
100,119.78217921542006
99,114.75034281734047
98,119.65550501579065
97,120.02712510397163
96,113.59619193647794
95,119.02887912081542
94,109.11237656414144
93,113.40558131063695
92,123.87266339080226
91,118.56492333660341
90,117.44053100420068
89,112.33201840402948
88,112.61860437162963
87,117.25359837644561
86,111.27978871973392
85,119.00710990588509
84,121.39283764230849
83,115.12584120336557
82,120.76268886035024
81,104.42801442530059
80,110.94306282454347
79,111.51856319313677
78,112.81670508438707
77,120.19574309975785
76,117.96605731008742
75,109.17979625363358
74,110.16487441453314
73,110.59198352349611
72,114.3078461383052
71,118.94535579028559
70,102.74691650464558
69,117.92905342253488
68,105.86342920674993
67,113.31200072440635
66,107.34408109085844
65,111.91808449196108
64,109.152225215886
63,98.95738413727649
62,99.79893655800144
61,94.81172621556979
60,107.49605675427539
59,98.42656540873698
58,96.14526946179909
57,101.12241101428774
56,113.81749337313721
55,66.29192889129982
54,101.77819593367151
53,87.15020652367944
52,87.33015240673578
51,96.98313068995256
50,85.31760822853755
49,92.15248711071466
48,95.55262421677976
47,85.72812819847327
46,86.07563958672473
45,78.23890557055809
44,85.26214216233043
43,88.05813686696747
42,69.82323466862158
41,73.78512879948
40,77.58946463521843
39,45.377062926458606
38,82.06692052698368
37,72.65685737881212
36,58.44797017295932
35,60.615308355893966
34,49.781496150689215
33,53.6162887387909
32,49.17316180315649
31,42.105693484553136
30,50.34577248449513
29,58.50245498455299
28,58.54996834756514
27,50.79819324155187
26,36.22882582447446
25,47.47364550625303
24,60.88623698937121
23,48.70126622170013
22,29.10712013486283
21,21.889324143083837
20,22.64604626500361
19,20.883387192585804
18,11.450871551897839
17,37.42585654172905
16,22.243950588365365
15,14.256241577228499
14,10.096227897982434
13,18.30003877612881
12,24.12805619530682
11,8.871655636893887
10,16.974724922992095
9,13.849793836558062
8,9.32337008864509
7,8.03935569714629
6,8.045263835079947
5,10.95524531024531
4,2.9348840140784755
3,10.971286645228412
2,1.4988559810753592
1,4.060713861527409
0,5.007271575702214
130,123.05790878906211
130,126.8130454555371
130,128.07266079373528
130,121.83283812788477
130,128.98666316788908
130,127.72840277246637
130,119.5444532629484
130,126.40428304145387
130,128.33454280593946
130,123.1080307892871
130,126.61177158138025
130,125.48687958430787
130,118.94945553262274
130,128.05610232785222
130,129.24491508590773
130,123.2635974967454
130,128.17049282878898
130,124.0071708634551
130,125.17060943432331
130,125.99099122871718
130,128.70700598363072
130,114.68961673549369
130,127.43807461289097
130,126.69782138922152
129,129.13958362002896
128,121.1324635075073
127,129.4629048472004
126,122.88820889986161
125,127.93720303436923
124,123.72637439428931
123,128.06117498846152
122,125.99478808936503
121,121.47155656007523
120,127.7901577799215
119,127.44703298478028
118,123.95832609959164
117,123.93577280355996
116,122.70663114745884
115,126.78238370842917
114,124.75254916482108
113,115.41402830868286
112,125.24872686289766
111,122.69375769211386
110,118.00333127335526
109,120.00858482670948
108,128.37768855216618
107,124.99668778653417
106,119.89054809225878
105,123.41447294746254
104,125.09614657004357
103,125.27356067361494
102,121.2262251009433
101,124.03285272660173
100,125.06841429290989
99,125.17558890776759
98,122.72292895139823
97,115.27719933653447
96,121.63953834341528
95,123.30896024692584
94,118.41255362943404
93,112.81261758342633
92,118.25651580808747
91,124.23956823045046
90,113.5634670529842
89,125.91188917933357
88,123.07682542637701
87,118.85814504324435
86,119.97318283187005
85,123.37788384335614
84,113.17669220781073
83,109.26486743563898
82,120.18359938595705
81,119.34142701924814
80,117.47369365205579
79,127.27927137042252
78,121.06196164615882
77,122.71016449936855
76,107.37582502077815
75,121.52401966228157
74,116.60340241033427
73,118.67041986251728
72,116.80274479059803
71,118.1231687057044
70,119.18307901396004
69,119.24996969593862
68,109.52033268136312
67,118.32779281156654
66,115.2402603629994
65,113.13989344558395
64,122.21541900315674
63,124.61542316468251
62,115.16578349971164
61,120.24326742095478
60,109.90470976333054
59,111.67270443688324
58,107.76033074042641
57,116.82434286259006
56,117.99992727169173
55,123.2096651880054
54,121.68421006499487
53,115.13801403963082
52,123.05825407141104
51,112.43698937451713
50,110.28236116597434
49,115.80942523100629
48,100.93150753517672
47,121.56505177429533
46,121.28052562281856
45,120.62705447864295
44,101.03481688254125
43,120.11540627485192
42,104.7324644115471
41,121.66303305086831
40,110.89442816626948
39,116.63271736200504
38,100.91344221580842
37,109.07201640583533
36,115.9827956172278
35,95.34217751187121
34,100.30676208985415
33,110.67135846830975
32,103.93293821401771
31,104.4686700924377
30,67.28800106249832
29,87.96024976392347
28,94.87713537240514
27,104.76755215691277
26,45.15301722729309
25,54.17510767380767
24,58.671155304446486
23,72.82595490052422
22,52.24360797664917
21,45.44690262227281
20,30.729436740582248
19,51.92214347638354
18,29.942603155219793
17,41.9131914110505
16,43.88129583194051
15,22.872992996275684
14,37.30016383715138
13,24.692333897310792
12,19.098543478165205
11,20.53601631757156
10,32.38746498667795
9,21.11440021627835
8,16.396261840694628
7,15.574132484106391
6,17.8765756864766
5,13.391813045819136
4,14.490672114019677
3,18.602770051817483
2,7.76419705463313
1,2.843499432561927
0,2.936685541522334
130,106.47404085303484
130,107.06970414024167
130,104.07907437770582
130,113.10568828261178
130,111.0706585639787
129,87.66782402659048
128,82.44258325754943
127,94.28603807942032
126,111.04030766517964
125,106.59606880146072
124,66.99283355299534
123,115.04422793258462
122,113.46623699988211
121,96.41866837352151
120,96.49998194625398
119,99.53007267010628
118,88.12950363915283
117,112.45401301483702
116,103.97262178407301
115,105.49335090455467
114,107.62480323137667
113,82.76309485841428
112,91.13857811270746
111,91.19937555430134
110,100.21185202302246
109,89.0037714327425
108,96.77343830366458
107,113.16390405813756
106,91.25641000264083
105,81.1961738292464
104,96.33272142568282
103,85.46811786271397
102,94.83813813593494
101,99.29035624897179
100,89.44268441882654
99,107.94105336444365
98,82.20943512501775
97,97.45489654054043
96,98.59635401349846
95,94.6334220473928
94,106.42222792213698
93,70.66845434338133
92,78.761957523133
91,85.24838866975087
90,92.92995312367454
89,101.2207858190408
88,92.16320861089251
87,107.73426066277983
86,82.44605732214201
85,87.180086361264
84,101.76625585646555
83,70.66085689344942
82,75.30995578360618
81,69.31949694984104
80,77.51702574525768
79,59.380213712549875
78,100.0646076476757
77,56.74015452520968
76,57.20534543751124
75,89.93932913967726
74,86.44011558443763
73,95.6517988949045
72,81.30698989622073
71,78.41900599286528
70,67.77305641145345
69,75.33414177513676
68,68.14456403138017
67,75.96787370955647
66,75.00798350689666
65,78.0396431382923
64,64.46180478499814
63,101.45049763240843
62,69.814569203887
61,71.15932528218534
60,46.75351518241161
59,59.0637546060653
58,71.65413699830725
57,39.809598705584555
56,57.950996046589125
55,46.50406951586218
54,71.92666358621398
53,61.1079101153841
52,58.70759725963692
51,49.56663446953623
50,46.92547293564135
49,58.221494329215346
48,51.06406226570352
47,40.22619357983994
46,46.0355400051169
45,65.57145974801101
44,56.92282941393205
43,40.1260979077164
42,31.52343607775103
41,33.83146858245293
40,41.03465837938566
39,48.39009421320567
38,40.19984702959682
37,51.530993528170086
36,27.787728737357636
35,33.1171320317041
34,37.76354337573387
33,35.95893763849946
32,50.682883359820615
31,33.713790607943224
30,37.224961821622365
29,25.1342561817673
28,32.969814341894235
27,33.15500868683866
26,27.04204897043432
25,35.683894401191196
24,19.577346727119746
23,19.413948105835715
22,18.09376877592648
21,21.00229714316053
20,35.57811094671634
19,21.581875715342452
18,29.89671395079562
17,22.850491943144544
16,12.574174915476004
15,15.75223330788292
14,13.383912462024348
13,10.953122941444867
12,12.870996851312174
11,8.121390203140699
10,11.126973795055086
9,3.6268865330240705
8,4.514647728511755
7,4.6745521026921155
6,5.132331290207266
5,9.85191608907585
4,8.629328175775573
3,5.071940302430551
2,3.8414428010166897
1,1.6485941324586737
0,2.808214930053298
130,114.69619851080378
130,115.72719984278655
130,118.26805154635032
130,118.59635697631145
130,117.60269143304065
130,114.68300755631613
130,118.45321960397972
130,124.82051063362172
130,126.57078389942787
130,120.85057528786301
130,122.60995783204257
130,115.85187433669938
130,114.7515395148765
130,122.00267831402392
130,118.51030326224897
130,122.03929313391171
130,124.47392602613039
130,116.2017249854291
130,124.974333381532
130,118.61464716351207
130,121.36578115667942
130,115.86418755295131
130,116.84833807596593
130,119.37658055534315
130,119.19405153595942
130,119.66565026019428
130,117.06252234578324
130,120.32376473340177
130,128.67854990850586
130,120.83469709263896
130,116.46146950539809
130,116.63623312718785
130,111.98294738469994
130,122.04840669689793
130,118.18203869957956
130,120.41586621252982
130,111.74281734264699
130,121.03746394485039
130,119.55945089241123
130,121.26901531434082
130,123.50503034807997
130,121.87237773030766
130,122.0021475034933
130,121.50610684782708
130,115.33475048158056
130,112.0836331166531
130,117.07013969788935
130,110.04677076488632
130,112.83732659214279
130,117.25517651086858
130,119.34104705042058
130,114.54284953970232
130,108.25327786776533
130,120.14354544316559
130,118.59395954223513
130,119.92537957966725
130,114.49099048444215
130,114.35846680100964
130,110.5977118645933
130,119.3857213954374
130,113.08990935765236
130,120.06310045186474
130,119.819301136689
130,119.17330760574943
130,120.58270293944608
130,119.7331164387929
130,123.85125552116668
130,121.91609737359582
130,115.73067116104447
130,116.64496852732765
130,115.27322760755344
130,122.2735225226384
130,117.41491890198603
130,111.87393841710897
130,127.06742023550277
130,118.46973839459312
130,116.72754841713422
130,121.66910885438281
130,105.88894549908055
130,116.55869021608333
130,117.7857038579513
130,122.64392729373081
130,107.35832043492209
130,119.91310874684032
130,118.06562524456606
130,119.62206197471646
130,120.63655159506828
130,116.46340048312219
130,117.19253060599323
130,114.78440480171281
130,111.69590607951143
130,115.52120843525033
130,120.28444034019454
130,118.01162868709689
130,118.07078548442936
130,116.99888542573291
130,115.2282802489332
130,118.03783863476143
130,115.3044949974751
130,117.08842446626251
130,115.47580467820616
130,113.13792571565847
130,109.56586574891824
130,111.97201231338164
130,114.51992380090029
130,114.54851869516845
130,112.52991365584627
130,112.8269092078529
130,114.0467544339801
130,114.26883247548056
130,112.15837090813038
130,111.43468921859821
130,116.53463019938691
130,120.14751398377693
130,121.24684185681802
130,114.54566605039025
130,117.49771748125704
130,107.29050316468832
130,119.72456795197199
130,115.08212960884252
130,110.07150890181991
130,120.16048257963169
130,113.515518573789
130,115.89626237437479
130,114.03363217436299
130,119.72476872178471
130,111.08090529037717
130,117.33507096760054
130,113.96620216351924
130,116.90905856874238
130,112.56911538676499
130,116.53502365488679
130,104.82665806513626
130,115.15682671101429
130,113.97665945212367
130,114.80812186728535
130,111.90902487309644
130,119.95181402478114
130,114.76686530343395
130,112.67909551572244
130,114.31238028080853
130,111.3720010779304
130,110.5185157427126
130,109.83823101334633
130,114.86830954291545
130,114.09427338684412
130,105.96429606740726
130,114.62702581608598
130,107.17031171534354
130,115.6484242728411
130,101.53129525242065
130,109.35975308707498
130,118.36267723571783
130,110.19184030953531
130,110.32952932257955
130,114.11172586686683
130,114.30023718016288
130,117.13601830950397
130,117.13906443312418
130,98.86666090551707
130,111.24306202307096
130,107.9724661548417
130,113.55202359894174
130,103.86110726179798
130,111.14018061341044
130,107.35841785871088
130,101.340995475077
130,111.37934077642268
130,106.59791756439286
130,114.44413574000825
130,114.07120306103585
130,112.27661295712035
130,112.98977978105393
130,112.947550857844
130,113.65791796572815
130,110.99850527359156
130,114.98602592928451
130,110.1667017691399
130,112.03771985364061
130,105.1104104982706
130,107.78999130212685
130,109.77631557966969
130,96.61745534024386
130,108.56421995129193
130,106.05847863180158
130,104.35753257766943
130,107.79264122889366
130,105.90587124175039
130,106.31566387555962
130,83.5645025977851
130,95.15712775683794
130,106.55703310835976
130,90.94194082149647
130,108.834879479664
130,99.2787379549359
130,88.20877625353712
130,91.56275597223204
130,96.88083629912992
130,96.99657152705032
130,92.200481684704
130,88.8996003393792
130,96.80253158347303
130,88.05831899993646
130,105.06297883330477
130,76.23943972141764
130,82.92928605491565
130,94.59174726903262
130,89.99240894846467
130,94.68079689141378
130,96.01205999147302
130,100.72714693165553
129,99.66790464476085
128,95.92676544511218
127,83.99099692653157
126,81.56905163447509
125,92.20295299834972
124,72.87944014686305
123,85.94869246808373
122,84.54418872840948
121,95.28477013666101
120,82.78561636461633
119,91.96469296843236
118,68.50130699996032
117,77.10007716801917
116,76.34573913394715
115,79.60335363643298
114,91.88683785231632
113,77.16295367876171
112,64.04322191936504
111,86.63433706004754
110,79.16789582702337
109,74.42040393954012
108,58.70336824334092
107,66.56979965842021
106,76.49195010797489
105,61.44296401204161
104,84.9003186144919
103,60.933202588434796
102,73.09320281688943
101,80.57076990767031
100,66.48824596794974
99,60.72595165782776
98,80.65714670188014
97,70.84835011238245
96,52.28985652338289
95,51.63608840215519
94,56.30272763345039
93,68.58922439312259
92,62.84506714759664
91,73.61762332814058
90,62.87599203564234
89,61.89773689273689
88,59.8204569731636
87,49.7449003682452
86,55.38957448429476
85,60.20613914766849
84,55.463433073939804
83,57.797360198043556
82,53.23194057045723
81,50.11243185848539
80,49.03222414799254
79,57.21978969568443
78,64.42143276367558
77,51.57293848399682
76,52.449553522193725
75,44.922842231562306
74,52.35961735646219
73,47.31173602831913
72,46.04801133067496
71,47.6707708657012
70,45.0831508271488
69,48.283791614054714
68,43.911474352284166
67,34.45152044848819
66,41.90530248229557
65,43.344400231440666
64,33.60847385306431
63,39.77812976964701
62,39.04980315906474
61,41.33199675296658
60,47.20630662475624
59,46.07967586160472
58,41.90016213742685
57,39.80260584738085
56,39.351849658382555
55,39.22469215029895
54,33.74984160053559
53,33.3659073947495
52,38.74941814383873
51,31.334957283905137
50,35.237632734380746
49,32.965693023337046
48,37.99154717327862
47,32.84333148633027
46,39.033547619047624
45,29.45663719685687
44,31.31860664488117
43,30.418136507936506
42,23.273819624819623
41,32.025593636864
40,34.22845757717203
39,29.602732934162766
38,26.39511905857525
37,29.080696566674728
36,28.52731170341377
35,25.732585913170333
34,20.91620144428524
33,28.58350724851344
32,22.624945544379372
31,21.782738089821443
30,22.398435037017162
29,22.296020117259076
28,24.68376585681866
27,20.295345767516594
26,27.851072261072265
25,14.168865820139843
24,18.505685746352412
23,14.439319418874508
22,11.797820597695694
21,10.796037016634475
20,9.4755370206339
19,15.137640944934704
18,14.35458201058201
17,10.354124467692047
16,13.993628306932157
15,17.837555555555557
14,13.84213762940859
13,13.313054372860252
12,11.275577991568698
11,16.61010924156207
10,12.562425857355203
9,7.095292539193306
8,11.736811612796712
7,12.277777777777777
6,7.706061469232522
5,4.803244404854197
4,7.87320608432931
3,6.026208325018176
2,3.877144777761342
1,3.6290152065362924
0,3.8269601956768073
130,125.47934730484914
130,122.53454445924494
130,118.24739057279726
130,128.6856862228856
130,126.3896745675833
130,112.79516279685207
130,121.01714828399466
130,126.06576754480172
130,122.59710136638171
130,124.75495592969067
130,121.25999917627819
130,127.17768262415584
130,127.57194391688009
130,116.59888881726658
130,126.85199342875696
130,124.82807083089305
130,121.29044977129637
130,119.20481968689991
130,124.15480645275248
130,122.02719353911723
130,122.70694875542327
130,121.67028483770659
130,115.2617736419253
130,125.69725782429177
130,117.08027012249927
129,127.39361870684533
128,128.46820651580967
127,123.86320654673354
126,115.32778879597856
125,120.07230419846657
124,124.16072805336866
123,121.4407470281768
122,128.49236972562852
121,122.79556471997472
120,114.20444497815217
119,113.82837683459434
118,125.50868428736983
117,108.60134856429923
116,119.40710926671508
115,111.48162972679813
114,124.14967165809624
113,125.34528643789967
112,115.81115507124021
111,116.62709737192591
110,125.54863192139028
109,115.81400406799618
108,118.09296184926987
107,120.94894148313874
106,126.18339900202447
105,116.64942055805373
104,125.0784307905824
103,121.1621347081929
102,121.3707174203913
101,115.80929897459546
100,113.65241701596914
99,121.69214550492067
98,116.99506160750748
97,122.43026081991009
96,114.50812001108356
95,116.24174775494029
94,119.8790960175994
93,115.95085005669762
92,116.0147429873016
91,112.51399413336767
90,123.15203861068798
89,114.47468014599305
88,113.08076922573639
87,120.05595801799139
86,111.36639228233686
85,108.55684628398448
84,110.66853067362155
83,118.31239673378087
82,108.80050974653071
81,116.29907864539163
80,105.28278964650521
79,116.38428654433568
78,102.88738834621361
77,116.56718743853416
76,111.70660806757965
75,115.11650338217024
74,116.65560408032468
73,106.19332537005258
72,106.29166068608123
71,111.67723229341546
70,105.98662787898779
69,97.04128861559303
68,94.14361522804677
67,104.77720224173657
66,115.33926915443418
65,111.22041106215713
64,107.67045510530507
63,108.63646677423728
62,104.46447046487206
61,96.95254716801489
60,107.61975725484311
59,102.38032562713597
58,113.55831171925071
57,105.27447449270373
56,116.31427955166956
55,101.29934511318756
54,98.38798868648459
53,102.57655782559596
52,105.3392323239527
51,99.02597624447813
50,93.1887167079115
49,96.89659603321103
48,79.41026038522642
47,102.55308876661971
46,82.7600534526267
45,93.06085732817189
44,102.4209471955608
43,99.16276642831602
42,96.02028567028763
41,82.62127796826232
40,96.60460506607437
39,98.1524402913045
38,90.29095035439309
37,70.6536623865296
36,84.72946719104243
35,79.63767997557264
34,82.60793576109927
33,82.24238445343299
32,90.42081589269912
31,89.61670165012964
30,61.8847015700483
29,64.35994664965033
28,56.34194087099024
27,65.06708362288222
26,75.64093534530605
25,59.90670713767505
24,59.857898696177365
23,48.95839125583605
22,49.34038900616996
21,50.17141709212837
20,53.82418854940014
19,49.24115128912802
18,37.96805039526467
17,35.19989747296246
16,42.77283189030837
15,23.036171103549894
14,40.46626580428109
13,30.465242962636925
12,32.27747954625353
11,30.269053875585154
10,12.722786347337278
9,16.456415960640104
8,17.55894639466073
7,11.407617057628087
6,7.384337648663736
5,6.770033444984917
4,5.960631273583415
3,5.896515846575099
2,5.569496708394272
1,3.061961616809477
0,4.3604639371130585
130,113.94556270279566
130,123.07699892667706
130,114.38816641320516
130,115.52659197702705
130,102.9851261144428
130,120.41090710315623
130,103.18639477149335
130,113.40441891694839
130,118.48255108107806
130,121.40827507155048
130,111.87057708009323
130,115.10790740146136
130,98.02275063352305
130,119.27827286238367
130,113.36474860232079
130,114.540124961174
130,123.78748089056381
130,95.6847843797328
130,103.9121917089779
130,117.51065955233815
130,111.8220703029359
130,117.5671733223099
130,123.6578815064061
130,110.9640622540866
130,109.63804754133727
130,114.09491689831266
130,114.53614159252528
130,121.69929111398527
130,115.34229315496688
130,91.92080253907524
130,91.75630202810397
130,123.08546170801935
130,102.5441024245067
130,95.03117229979053
130,116.73402075456583
130,96.3299439519926
130,112.82103216978543
130,117.39867112983312
130,119.98775501524234
130,119.87603242636004
130,117.71516630420726
130,105.73074693509363
130,120.09701715903417
130,109.64306704456273
130,111.87119164291022
130,111.55836815082216
130,116.14948914300389
130,117.88866078491972
130,108.74720266321545
130,117.61263370467015
130,103.35541695875806
130,118.18431940986076
130,101.28488459660387
130,120.20156131215343
130,118.03734235147002
130,104.1372244153938
130,89.077928660582
130,123.16414408017157
130,111.11503119871207
130,119.84852475063286
130,110.65622543398948
130,119.6971818767716
130,120.57699330061095
130,114.12261475285649
130,93.65376271715435
130,98.24844697891155
130,110.45253831863775
130,102.95857817281741
130,123.75277325048808
130,76.62684294597285
130,117.84224718232772
130,117.96006114076765
130,116.80314828795471
130,112.9571943467287
130,111.65866201174867
130,116.15272028210326
130,120.98586972716132
130,114.80179251144511
130,100.08863524256995
130,115.36654745279549
130,117.25523787702335
130,115.70942864021956
130,118.07343147700807
130,103.84331030181554
130,105.97285293819868
130,93.56924019854925
130,97.34833406049236
130,120.44109097490143
130,114.39056041815275
130,119.5433302114522
130,57.486805463609016
130,104.15481685876456
130,93.43697092818255
130,121.21904190747858
130,119.68652891707251
130,103.01959634231979
130,102.49130262210898
130,100.00765102560759
130,108.5376066480477
130,117.18478625081211
130,84.92872353070318
130,97.74081826805066
130,110.16263389880328
130,98.94951881422631
130,98.76433985165505
130,97.20308069193423
130,114.87152181500247
130,109.34124019527677
130,102.41432118381096
130,104.25554833407416
130,118.91870246784575
130,103.88048086848742
130,106.26832167807068
130,103.33084564613453
130,114.90433765454618
130,107.80720492542218
130,101.85288597166522
130,103.49127786394595
130,114.28410669068171
130,105.49624267449708
130,108.01086374609153
130,83.80300631629643
130,100.22737012486982
130,84.2501965515444
130,110.94843775979132
130,100.20767875672453
130,108.40754274356654
130,109.35217211260938
129,103.34742476920064
128,102.45891651918095
127,105.52791238407477
126,92.09335106662819
125,94.19667309491946
124,112.46576111825517
123,96.70245212393372
122,109.87754493645878
121,87.97103662740935
120,88.63884131738745
119,77.62210411277321
118,94.90989587118398
117,109.31961177097074
116,89.58473302187616
115,99.44837556218732
114,103.70170382632813
113,92.80435156578334
112,92.81301868624443
111,81.88848911596165
110,113.42218117429705
109,79.71813283728058
108,114.92995013337321
107,98.04179728924417
106,87.40132134938409
105,98.6437273456762
104,75.5029290461482
103,84.43947365184513
102,74.5448079032079
101,76.00994488803458
100,78.13315514788904
99,58.19145767468982
98,67.34887755083017
97,99.95061443735938
96,72.6808164551307
95,77.57406190362263
94,88.58365016379835
93,88.37343839099606
92,70.33500955840668
91,96.15361487167955
90,80.77770044054154
89,72.71552520188904
88,82.4157957971434
87,70.37880797699898
86,76.76666333369754
85,85.9878911873132
84,60.89795333105538
83,53.824572230850336
82,78.6753491137787
81,81.1271675266166
80,70.29078961033483
79,83.03280665758896
78,62.688559073463345
77,67.33763996900717
76,73.57097017241401
75,56.43308025739954
74,79.84783042005358
73,62.96291785112809
72,61.7575654887934
71,64.90737705044788
70,35.37904700258526
69,37.386157710105984
68,48.44050959385443
67,43.112781858664206
66,53.154955627469604
65,51.807537299092
64,54.46058743041245
63,53.24118320313148
62,44.80024313417172
61,47.54567922888304
60,53.31422835053949
59,50.23776816818443
58,45.331809700448055
57,36.327308949220715
56,37.74797031451831
55,36.09668251557687
54,37.09781647981648
53,44.901478588903096
52,39.059400446327864
51,33.360674640174636
50,39.67355122655123
49,49.65976871185153
48,31.79872019746101
47,29.671681974099823
46,35.33380011460615
45,33.96107471888657
44,31.25038549891984
43,34.44661940977074
42,40.76949965592784
41,34.724832322539584
40,36.30723547409949
39,26.813084656084655
38,25.266939901199944
37,34.57735181749181
36,26.01039904745524
35,17.481661938720794
34,27.085473245868577
33,27.609247868933473
32,28.51340106534754
31,26.59897986116602
30,19.175732581125587
29,20.61011186850091
28,29.844509431105344
27,24.67032123687264
26,22.53005242905243
25,15.437911071414913
24,17.637940456659496
23,14.783853515565475
22,13.451358958351104
21,14.983477004477006
20,18.061701110073656
19,13.642867811373709
18,9.922063004542732
17,16.895699702820195
16,12.158850227659054
15,14.805444444444444
14,11.842409832320344
13,13.140335738335738
12,10.684
11,6.85282969930722
10,10.32445610870611
9,9.04272120189179
8,7.140536625248389
7,6.685516558601773
6,5.5030501966171865
5,3.593622640728297
4,4.663877273428593
3,4.786844159541565
2,3.540317920718302
1,3.8609340868647215
0,2.476488504203747
130,121.3819371490655
130,127.81778646727025
130,127.27553415394128
130,127.73899353926254
130,128.0354266868497
130,128.22562782171016
130,128.49154288830368
130,123.60309689201118
130,120.24289048911065
130,124.45509983034984
130,128.97041144573564
130,117.08746644696839
130,126.75702941445874
130,126.45997458450064
130,128.70620148744632
130,121.69333284897999
130,128.56942174333108
130,128.23947423709996
130,128.98892020659213
130,127.95472647620605
130,125.30796672205456
130,128.99612929313463
130,124.36994419274279
130,128.7299553286151
130,129.3850840501109
130,123.14434520232186
130,126.68676629854698
130,116.17022580142851
130,124.43856279331281
130,125.82131652661488
130,127.44464076044993
130,127.09613583880525
130,122.20225495882083
130,122.75988419088108
130,125.60547102434762
130,128.3542097922429
130,125.02674575120335
130,122.54223946862837
130,127.11851045159293
130,126.52328586270026
130,117.89948641281234
130,122.11107299294538
130,127.23335587428221
130,119.5746568610299
130,129.13602831838568
130,129.1446579349963
130,128.321734542201
130,120.1320189194007
130,119.94588795387567
130,117.66981150574107
130,128.7524015739884
130,126.30457607249566
130,124.19235574054049
130,127.35223937179234
130,127.53450397320204
130,128.50678241429034
130,127.90765750509267
130,125.07990815751704
130,127.58905358769938
130,126.70158105596614
130,118.10948923658543
130,122.21956392553484
130,126.85302401589183
130,119.48876474419124
130,121.43454413989872
130,127.99110300700673
130,124.41671001770167
130,125.70596948431121
130,126.4495780052057
130,121.95222847588242
130,127.5851285649033
130,124.9061081859314
130,122.02961474386578
130,121.19527890709469
130,127.42886716966797
130,125.63615060940676
130,117.87423700025455
130,129.2677909350593
130,125.53139852193296
130,122.9573825551828
130,113.15069131081592
130,124.3794535700005
130,124.53631349236825
130,127.16236833818041
130,128.33219418794374
130,118.4225957954802
130,128.4469201491364
130,125.33393656455051
130,110.19674184656712
130,128.01652832011817
130,128.01089118453638
130,121.22547392943567
130,119.49359937246942
130,125.1973234027872
130,97.87941784104045
130,123.5468965011432
130,121.85199563864795
130,121.22737812230459
130,125.38587768417864
130,122.75426447885344
130,118.46680707158757
130,126.78450147260838
130,126.78663928315171
130,119.40280483681066
130,122.87004681221833
130,128.25387705507137
130,120.65005129916314
130,123.48525551609171
130,124.88627199883675
130,120.06403084306406
130,121.7683144094786
130,98.0212792274367
130,123.3203483317925
130,104.15367032848407
130,121.65632540110695
130,125.39026270498834
130,129.07267897215803
130,127.39339494315429
130,120.27055038030262
130,127.61809734562141
130,116.14743911914697
130,110.37561428171662
130,109.50394957089695
130,127.64978638228172
130,121.22394072222325
130,121.02310320398036
130,121.11831264127267
130,118.31271027479968
130,101.48827186329564
130,126.38769952120441
130,99.92199840510368
130,125.96057760379274
130,99.38897171206285
130,101.0626434900305
130,89.29540490231017
130,104.06428610377807
130,125.78233922441778
130,106.52003327392084
130,109.48044235090349
130,110.70271236402482
130,101.46763828894535
130,107.76847737633412
130,116.43056335078953
130,99.28630461562877
130,111.31052809180139
130,116.95013758062913
130,114.8998289093302
130,114.24512962780805
130,118.01219679647275
130,102.87238401356704
130,122.31718929201655
130,124.1947862156035
130,99.11458685620666
129,110.87232238023785
128,121.1016973142436
127,99.46298676274992
126,96.70810011179913
125,96.49852230967221
124,100.8202255571725
123,100.53181954761749
122,84.6933628144532
121,96.6116830805933
120,99.37280472752163
119,106.23484457925672
118,116.09877725532603
117,92.54637535612535
116,84.94073550524209
115,86.00350680060679
114,89.62217117377644
113,106.85497026017661
112,116.37822354307866
111,85.9014587176109
110,94.23954857400955
109,90.86859688674181
108,99.72137257593356
107,105.63110154158034
106,89.57492976900906
105,86.49289242198005
104,71.52151203822028
103,81.21580529100528
102,88.8486597911892
101,87.80857075298161
100,102.21009890661097
99,79.6843851421483
98,72.59949025974026
97,68.57056157989327
96,77.17753667193372
95,76.72267878028404
94,70.42167581507799
93,74.25996303884439
92,75.39975901875903
91,87.2871204993737
90,84.6573584883526
89,84.26206475825516
88,59.87833988471648
87,90.3854983137911
86,69.60465999490705
85,68.27068712908822
84,71.99033639340763
83,71.3627925023948
82,74.5086722092062
81,62.44414815503591
80,74.58437466054184
79,70.38479451566953
78,61.29093511240996
77,66.88429193282352
76,63.78119696001738
75,66.68642290038824
74,69.43294765533362
73,61.89619481863166
72,61.4475454120592
71,60.7958767281106
70,52.13062230894444
69,71.46981466887969
68,49.715554294313144
67,76.5461489428446
66,60.49636875629243
65,50.07392626886157
64,56.48242519652593
63,55.27130986070338
62,56.08057088495579
61,47.74796114883452
60,47.739541524513655
59,59.90048412698413
58,52.67063759930391
57,48.96730407343988
56,52.72810297552573
55,49.17295280241741
54,54.1574524447375
53,47.25822885119776
52,45.89425523349559
51,37.25009732561346
50,49.80760471781305
49,43.50295262813065
48,49.65241603174547
47,37.03243362193362
46,37.40324521026359
45,40.64957760989011
44,34.44234535624194
43,39.528716837112846
42,40.874720710278886
41,41.10744512886958
40,41.265172791543726
39,42.69628941119904
38,35.29565648200431
37,34.75587917858499
36,38.23411699910932
35,45.63491506419325
34,29.369497052154195
33,36.620375916195506
32,43.28497966690644
31,33.063662819986135
30,31.463825765061973
29,26.821697274383236
28,34.582440863580715
27,31.87254267448865
26,29.154229690259864
25,22.192312078087937
24,33.27265914503453
23,29.37397331700558
22,28.213042929292932
21,26.995460439621457
20,24.38280988524442
19,16.98583239027835
18,21.597482482621892
17,20.518545612304226
16,22.375984322497718
15,23.090638593537083
14,17.02808255739987
13,7.381727594849366
12,9.665149618601076
11,14.484478218937978
10,7.135587341419796
9,17.38646927146927
8,5.221160499957724
7,14.859977492751486
6,13.777584527541768
5,3.3602593192999035
4,5.465725164350616
3,3.374252482870434
2,10.293896944594595
1,7.042340024774477
0,2.4504640266674103
130,119.22918047576364
130,116.98136785173953
130,119.07636458952567
130,128.12033337745885
130,125.41417459280422
130,126.02627205088793
130,128.20445768897542
130,119.54424508851912
130,125.69244738127281
130,119.54582113549623
130,119.75657831996061
130,128.85372689487247
130,116.77331804368019
130,120.65158097863151
130,127.13956739481912
130,125.0709882720172
130,121.12366165006904
130,120.16611917154752
130,120.44847976157308
130,116.10452668495367
130,126.80686791317697
130,118.88762809973862
130,120.68569337624149
130,127.46666781209065
130,121.68050417714723
130,123.57512969813472
130,120.96748825819702
130,123.82136478406525
130,118.29662993111756
130,126.74704187961218
130,124.40704891862138
130,121.6087747672832
130,124.35391325065136
130,116.38184427612934
130,124.42279591499512
130,126.06709317675055
130,117.07511000872219
130,118.90875590090603
130,124.62082707345999
130,118.99587073159579
130,127.95228959582555
130,123.91733739725115
130,114.19260348742476
130,122.65064598943921
130,123.62974104073854
130,122.3663800170407
130,120.87422948056306
130,119.24072950301391
130,117.8320232352284
130,119.14256266026328
130,119.27964291090355
130,124.79802573006009
130,118.89290690134376
130,121.13209316715528
130,116.18069603515787
130,120.33852886998386
130,122.25805000780132
130,117.23305422119947
130,125.12559387579152
130,124.93680280306079
130,116.50808055003557
130,125.52231617319026
130,123.24290539293845
130,126.85408534153144
130,117.1942097702706
130,121.2954615280378
130,118.18336191383287
130,127.51844941205127
130,115.97096625262445
130,120.01510740414878
130,123.04570237101747
130,125.02443627146289
130,120.6374864941874
130,115.52827371995147
130,123.88593715082223
130,120.28600059242311
130,125.26785268584388
130,122.66456017105342
130,119.62389549995343
130,121.59669937977797
130,109.92472408549916
130,115.5993022116553
130,119.43998198610886
130,122.7860744552688
130,118.90517155815975
130,120.99772365110638
130,117.16023493688148
130,121.11983862989337
130,119.95266379770847
130,122.1733329892048
130,116.96510644407472
130,118.65060424394972
130,120.98810773626923
130,119.11062142981442
130,115.96574206519492
130,123.01708321322667
130,119.8042794488095
130,121.68103168021374
130,115.63784596473437
130,121.03247768676694
130,120.14281247895934
130,119.69515961849298
130,121.95535824673117
130,109.07732029914011
130,122.24566273328533
130,120.79377537945794
130,116.56700856213567
130,120.27107291909014
130,124.48572584362012
130,118.05619868671266
130,124.20078784504939
130,122.55835553559945
130,121.03340885323234
130,116.72812025425992
130,114.87006059407484
130,119.73391816597487
130,115.9577978699331
130,122.53609111037326
130,121.45933753676455
130,120.0524605995209
130,115.91159065824712
130,115.07475130751345
130,114.67901185434508
130,125.78011416234887
130,117.59739935422981
130,122.68479225116234
130,118.83161397654524
130,117.7556705922616
130,116.02114673457703
130,119.77266199372103
130,124.86058615763378
130,122.54219677058076
130,115.02886422555552
130,119.75159709667307
130,121.62041053576414
130,120.36216161805814
130,114.35616500118817
130,119.24908516485468
130,116.0263124944307
130,124.88712860830032
130,112.3648153081018
130,120.73832848101151
130,116.65163065218522
130,119.82312998974254
130,119.96848366470256
130,124.67654015861173
130,108.97887502449062
130,117.94610002265658
130,113.51107580734867
130,115.11708124761559
130,118.23494196952095
130,120.9777307347409
130,112.64917060403845
130,121.4614351636531
130,124.14889025683604
130,116.92867045999425
130,113.03695938765308
130,102.85232482209268
130,109.65122626482841
130,112.1920721958407
130,120.9203986289948
130,120.93735357819982
130,121.39693000132769
130,120.51634999004052
130,114.49590242274331
130,111.42789752586519
130,103.62842624974692
130,114.18815864697618
130,114.95776741485973
130,113.8217292148844
130,117.52204273981161
130,116.07200921547722
130,114.68256355375631
130,119.80214377350222
130,113.745742608096
130,116.98004456684309
130,113.76135940069943
130,118.0357949409453
130,115.0524000887476
130,108.16446234123465
130,111.70163522731282
130,113.84684854011803
130,120.0552149278086
130,114.09307220001344
130,116.37648300550917
130,110.92430444148631
130,112.00849549318748
130,111.53553764044636
130,110.68046726140422
130,114.36618488410217
130,112.30877110127557
130,109.97430647906765
130,117.92495886361102
130,107.53868707964432
130,116.93826185616284
130,112.21559016889975
130,119.47706800018452
130,111.12056282954475
130,97.8924603406236
130,115.94289540943537
130,118.55984081009215
130,112.59747337539748
130,105.43403999711867
130,108.00888100571865
130,114.54138320686684
130,110.97302117524573
129,109.57321521098852
128,111.84466588561104
127,109.52958361099772
126,105.6628309359214
125,105.6069204750434
124,110.16050290916971
123,106.98640059893047
122,102.72962619892495
121,114.26703301820184
120,107.93536278094086
119,106.13125603296372
118,97.90473699649608
117,96.86166389053646
116,111.87503228399204
115,114.42662943711868
114,114.11190912395075
113,101.95407247193388
112,115.90772683250364
111,102.06020237304143
110,105.07343889767671
109,109.8470298530113
108,106.4443996501888
107,106.24326844418077
106,97.04549225774045
105,103.44384116005376
104,95.79243949878622
103,104.83232707165338
102,107.07319228843262
101,103.84602446849964
100,108.3651264135795
99,99.94240578175086
98,94.68941024513711
97,109.14844967416873
96,98.30741263900995
95,107.41188311407006
94,95.6613776385897
93,72.078966506817
92,98.24189992339713
91,84.7936036026037
90,100.27521002289888
89,100.65252885086846
88,104.67394126480772
87,74.50180936472258
86,89.32108266595807
85,74.88552074240467
84,104.79068353260584
83,65.78717184371429
82,102.10939919910622
81,53.28584770072064
80,75.35811502694594
79,81.14510465224471
78,106.37057399818656
77,89.28810317839874
76,87.89958306252123
75,87.50853606993148
74,77.18353896448752
73,96.05512480937065
72,70.79280734625094
71,74.84299264858186
70,48.70848937762819
69,88.58640886284715
68,87.16329254514085
67,88.35578769759348
66,68.67891702803583
65,73.91024186924184
64,62.99544825186701
63,74.69791224269328
62,54.273800628399016
61,57.86517249730359
60,56.96232415307711
59,39.321163524863124
58,69.24335202982968
57,52.667773998210606
56,36.09460039315236
55,67.85056344980556
54,54.08737366860468
53,36.59260164204889
52,46.975700646476156
51,48.73605333271089
50,36.81582932839813
49,44.67452273801628
48,49.17175284051203
47,33.59684648459647
46,42.580781301251996
45,37.60612428489749
44,35.38281386960842
43,44.25585892384923
42,38.509961458942364
41,37.01491868645101
40,45.07456435786023
39,32.86325247172968
38,36.57668138789354
37,34.15822752622971
36,39.12642478907994
35,32.72721534572196
34,37.86724730955108
33,20.245946686833236
32,15.777807039776654
31,26.411572836608528
30,33.37436713266619
29,27.326049342178862
28,23.807414418310458
27,20.72633976091084
26,18.489538939513825
25,24.594915468868063
24,21.67154392623038
23,23.36024408844521
22,11.448811960320322
21,19.291287760786584
20,26.422769605876947
19,10.682289151156388
18,24.811241870514586
17,21.632345859228746
16,10.969335589157454
15,24.089358931408476
14,15.403169450767003
13,12.682373580050657
12,12.057443775179067
11,4.381148095713175
10,8.826903496720847
9,7.545292323464299
8,2.7662442098371844
7,5.3417578655909415
6,3.1445677871953173
5,7.812659940242074
4,3.610288449483703
3,4.364424789293197
2,3.225413769701743
1,3.6358674901297863
0,2.103712915980484
130,127.76859206659545
130,127.72933486709059
130,122.53886559866335
130,118.40203893414905
130,122.41705380129716
130,122.32628578234585
130,123.08930035384779
130,118.0720775332849
130,122.1816046357409
130,115.89679965668535
130,124.33947688766756
130,114.95359980918236
130,118.49933246146601
130,122.44736308706044
130,121.82408224519618
130,116.93125839369566
130,120.64035112932467
130,123.6896536220338
130,126.59601850670907
130,124.5583829121805
130,125.82827762902991
130,124.38327789052298
130,125.76088687343773
130,125.17735566493856
130,119.07637796327462
130,121.67793677006412
130,128.82690057939354
130,123.62748779120746
130,122.19025986060794
130,124.38825278400735
130,121.21977911427842
130,123.85892149802903
130,123.07076438847469
130,126.02785711016547
130,121.89128406695357
130,119.09617350640083
130,121.05570105375979
130,122.09886663044209
130,126.96454932917948
130,120.04967689273532
130,122.54416700937118
130,114.7657376871659
130,117.62742951607206
130,120.93825281330719
130,126.0740665998531
130,124.5377121866084
130,126.85303671982571
130,120.47751747957875
130,123.13989380418762
130,119.47661803522045
130,123.85698639021057
130,125.57183100524868
130,118.40111948360568
130,124.91287953224106
130,116.41437109352218
130,123.48229000012753
130,124.39290314960914
130,121.7840071175984
130,124.88118192621934
130,124.29322640958407
130,121.66118807831309
130,121.2508107800759
130,125.27339080426233
130,115.89137287725725
130,125.15893168739264
130,124.94415529085732
130,125.1717420167841
130,119.8150452997796
130,124.36352572065941
130,111.17112832587702
130,119.27859208075606
130,119.67551949217966
129,117.44579022284618
128,123.38851666234773
127,124.98863192621536
126,120.06859483210134
125,116.9172277186192
124,120.04805996623388
123,122.72519943149791
122,116.4550968761426
121,117.94219518408123
120,117.94245499361448
119,122.49351550461633
118,123.76819693052325
117,118.37542416032406
116,109.88587790565262
115,125.90360032075614
114,121.13299595865142
113,123.49614643268197
112,121.00205907999026
111,120.26849496507003
110,125.87400519605052
109,121.15801823913961
108,112.93029062413778
107,117.8162263499492
106,118.18860448398404
105,119.61664578066065
104,119.10071668440291
103,124.76497805725084
102,114.00846706852055
101,118.75194749682377
100,113.91123653206574
99,119.22704042068591
98,115.52507187086258
97,112.73143685314824
96,111.21003026184427
95,119.90859590338798
94,113.04278581208452
93,118.45355638589693
92,116.34293853146197
91,110.86537811300047
90,120.94343117159178
89,112.80348932597745
88,115.37883510096319
87,116.03753462575432
86,116.72638484933417
85,111.67919366256157
84,94.77862633744779
83,114.12175767416663
82,107.440059393646
81,114.80531234073327
80,106.72167913576006
79,99.72634343096865
78,114.01206429669868
77,114.71130419821692
76,109.97527119974387
75,109.12157014290472
74,99.8555999566404
73,110.28585772124495
72,90.7790226382873
71,117.64057810200963
70,101.41535027561945
69,102.49944714113384
68,118.76176759385247
67,81.78909325691039
66,94.63888773908926
65,99.79330966136853
64,84.7985912901913
63,95.05060122167006
62,79.48863597919696
61,85.17131606189388
60,100.32522284331323
59,78.45019483133727
58,76.21680447330446
57,64.04884911044611
56,69.40301483434905
55,79.418825
54,65.85195644170643
53,72.52899729437232
52,74.1061429052429
51,65.11169853294852
50,73.0923177008177
49,65.81632539682539
48,53.31940272690274
47,64.20300484998872
46,64.60205283882784
45,57.4509691937692
44,51.622508550157704
43,55.60329609279608
42,49.527702676089596
41,53.117407949248154
40,46.139678336965176
39,52.327894736842104
38,45.925156036556025
37,46.60764973544973
36,47.45275435305435
35,52.65785233285233
34,42.99829846079846
33,43.058740740740745
32,41.37038383838384
31,41.602285640285636
30,30.70720634920635
29,30.483666666666668
28,33.27189225589226
27,35.30620303879128
26,24.183809523809522
25,29.579259259259256
24,19.05506469456469
23,23.58159239453357
22,16.624333333333333
21,27.07
20,24.706666666666667
19,24.493333333333332
18,19.78361111111111
17,18.49814814814815
16,15.342151515151516
15,16.03777777777778
14,16.88983068783069
13,11.81715817814205
12,17.432468253968253
11,11.729059829059828
10,9.136628186628187
9,13.517579365079365
8,10.777766178266178
7,8.008444444444445
6,10.241333333333332
5,7.788503040532451
4,3.6726769270991
3,4.190529536794443
2,4.156037637012564
1,2.3858814338268375
0,4.129435207774867
130,127.43790599469685
130,115.32892344841952
130,128.5610027417245
130,126.9854264948156
130,123.17247448486152
130,128.5129597459621
130,123.96539187693956
130,126.71994808307548
130,129.08041819865414
130,111.0531013640579
130,127.47914096144663
130,127.54888316618145
130,124.26769837745759
130,120.45864818721311
130,128.4547624003235
130,128.29597661189794
130,126.38393957528174
130,126.21671328284748
130,123.08324702732983
130,125.51919750168878
130,129.3501993586983
130,126.0460795526854
130,121.4771751708393
130,122.81419976640976
130,120.72679316869983
130,120.12133643764238
129,129.36938746414026
128,118.8923614031396
127,123.79818241121575
126,125.22475585448585
125,128.15476301001198
124,123.05600664816615
123,127.84312460799377
122,120.1286975012287
121,126.08537843455761
120,125.62128243614619
119,123.99601115789267
118,125.35339731025095
117,120.50087097209106
116,111.82277455707435
115,128.08005758232798
114,122.71301888769709
113,111.17835649977098
112,117.78240595094712
111,125.18803992888316
110,113.20635472370986
109,123.79251226644531
108,119.82973439512988
107,126.19327585353591
106,116.9293460759282
105,106.92326830942655
104,121.3230569862472
103,113.82921308359344
102,111.53548880247676
101,125.407481988484
100,105.85719725945265
99,126.29235453846489
98,125.53662143974505
97,127.83552698311154
96,123.95260233421054
95,117.62218751089986
94,107.69789319501692
93,104.8404870671106
92,114.89899716565279
91,122.20729288347992
90,118.06174916775784
89,113.19780980308315
88,123.19567725180416
87,111.63569343474002
86,110.84914819023174
85,116.2800465470364
84,102.67005001138426
83,106.21209538257018
82,109.42792668713226
81,114.1728834564117
80,126.51799111362813
79,105.45099918229116
78,106.422003738338
77,95.95325419880211
76,121.75949207237444
75,99.10922417979104
74,116.93804532253465
73,107.02060306925695
72,117.94896885557726
71,107.46002374774008
70,92.68441356596087
69,103.62343269587493
68,105.481677811503
67,113.03969870232713
66,110.68801693203551
65,89.53468858994694
64,84.20612080398244
63,93.60503284356511
62,93.95254247689557
61,82.45362822896689
60,106.56734112905752
59,97.69809075244672
58,95.27318883891483
57,85.98289683709979
56,108.07616500712176
55,95.01473254709065
54,94.27965035721209
53,99.12367522219058
52,107.91316505800673
51,93.52894218582907
50,84.58015240092607
49,81.78763624688776
48,102.0031211979475
47,93.27736091293121
46,87.69544732806696
45,83.83286679285136
44,78.80539570571179
43,81.58810725009859
42,98.33847810707681
41,73.26820970467779
40,98.24054232029079
39,81.06207168508227
38,85.21783546930403
37,81.11772414350204
36,90.19245049634749
35,70.43557076792649
34,84.01616084304709
33,84.04165743289587
32,84.42585929245297
31,73.40444558869491
30,52.56072324435967
29,65.88549695966381
28,82.75673790304411
27,78.57689147605753
26,43.517900128913666
25,53.59699658111285
24,91.1281461837872
23,48.55256698688516
22,50.07167815880061
21,46.53381552189294
20,32.65647870331285
19,50.86852824879345
18,42.42275428834853
17,36.06639797581061
16,33.19470923638152
15,29.75762681089723
14,32.76721605575919
13,21.45941090868196
12,22.741856254368415
11,21.053436109087407
10,21.275094758149308
9,17.299676155998675
8,10.65671160661214
7,27.743435041819794
6,9.394647249566356
5,10.550711442574334
4,4.82746449002589
3,9.316771501237998
2,9.82824256913084
1,5.938419372851281
0,5.108635288648067
130,123.99592323002562
130,123.65300528679418
130,126.05768895303096
130,122.06578614159106
130,126.25408677815238
130,124.862730077296
130,117.34095389613331
130,113.5759095770338
130,117.17799456391396
130,123.70943573854726
130,115.01015987234169
130,128.14935875788305
130,126.5350545470661
130,122.52537399020603
130,116.14010071350434
130,114.10934788188432
130,126.5766280688891
130,121.09089234612817
130,123.84102192829269
130,121.0611917601185
130,127.42698683355928
130,123.44406549518602
130,114.80550369959366
130,124.24189806929641
130,115.16489733875402
130,121.99593403377335
130,122.41733063093028
130,122.68508461753287
130,125.96189421419386
130,123.7272435265082
130,112.46255011890277
130,117.01263122064529
130,121.0235195346616
130,117.29278009762919
130,119.59473832020218
130,122.56648098961931
130,124.0212201061149
130,125.01951216349885
130,127.64582235023072
130,123.02133578896961
130,118.48091568637876
130,120.02771626386291
130,119.64494259399729
130,120.77513069662045
130,120.08729750719829
130,115.49692934577574
130,123.61306610990408
130,120.68028397088625
130,119.57231386460951
130,117.56607691508292
130,119.2017974221157
130,112.18421466911956
130,117.23682145498702
130,114.45274326868983
130,124.61770014490568
129,116.42645805679373
128,120.92488955133825
127,121.31442598843792
126,115.18622476774246
125,119.66481233012925
124,124.98126876865285
123,113.40457904031886
122,113.49599728869316
121,119.78204368525014
120,125.28334794153481
119,115.66090283308726
118,115.6606805436691
117,122.26153006500218
116,119.66813734148474
115,117.74485484502769
114,119.04142665696342
113,117.13095350480248
112,116.02786356427006
111,122.38740959717238
110,117.28994396868586
109,117.40273433743315
108,114.3532180768131
107,116.32642754368115
106,109.39137262102798
105,120.65979411128251
104,117.81937856660076
103,117.29444752877556
102,113.81869985120264
101,114.0943486298901
100,93.77832430014918
99,114.32465936711291
98,118.45365703653663
97,111.88155437692045
96,115.29205872319372
95,121.62217443447373
94,118.94603360242918
93,114.23582307459743
92,114.19226189415565
91,113.2416914662427
90,121.31289179659002
89,112.12532852067866
88,114.63936999147474
87,107.81896564839607
86,118.83677938025573
85,115.33617448900159
84,103.5840269445542
83,114.88400178413906
82,113.66591499615305
81,119.3217922114408
80,108.85070212652862
79,113.49763002087461
78,103.68711101133303
77,121.95660877045565
76,110.83042606116877
75,114.2064590174433
74,116.65422150972422
73,107.50611818143081
72,105.8049548871722
71,107.66437545905424
70,109.14163354782622
69,104.72401832137484
68,119.46267354957155
67,118.46588938393421
66,104.50947964903041
65,116.49313042241185
64,111.5386143008654
63,113.57859234184114
62,109.5228432704215
61,109.47509934431181
60,116.62796070263556
59,117.27755164907545
58,108.14723898390054
57,114.5833922198811
56,105.99974106116392
55,106.49710627842303
54,104.11574566582668
53,93.2855529366581
52,95.72391997862323
51,109.13987666993982
50,100.52708580895217
49,115.83390976743569
48,95.02332323348655
47,75.69779405779406
46,100.73785112873524
45,83.94225334633867
44,95.30175239030149
43,102.78403157107056
42,98.50608393035844
41,75.3500422408832
40,54.73917980836767
39,92.69689158095393
38,72.18923680568982
37,89.54184626790543
36,89.13448288268694
35,58.31153400296337
34,86.33711202024881
33,47.867415160743676
32,73.71431136098842
31,64.44339450949687
30,77.30336831616617
29,51.47272398190575
28,72.61480453740982
27,57.10979080900482
26,35.88087289562291
25,51.03464115415741
24,31.898959434642876
23,32.586021064342795
22,28.726692872442126
21,38.552706077031765
20,37.18389213971093
19,29.782688282009154
18,23.87995078144132
17,17.022703020176706
16,26.345016976683738
15,21.315390238770448
14,23.411392675863173
13,20.238934385223903
12,17.013495018642555
11,14.781844080605897
10,15.753378990772795
9,15.731678290595564
8,15.109782850620313
7,6.818060009735593
6,4.000520590218444
5,5.5790240491216085
4,3.610183166928144
3,3.2691028049825994
2,3.9842288432520747
1,3.4658577358883904
0,8.704222681954777
130,104.91069585344508
130,111.22693978527752
130,107.12569524142994
130,106.0945936429636
130,112.34812488923652
130,116.90976846044214
130,110.03644462863716
130,116.9461706532127
130,118.85822662884952
130,113.05128175857385
130,116.14288995053845
130,108.8622005524103
130,111.37512283015664
130,109.93441544528386
130,105.38336560651587
130,116.6610611555895
130,112.90366583004193
130,116.45560665682545
130,110.13723197908301
130,114.28558196385592
130,118.47111710240512
130,103.48808268757925
130,116.7902693407285
130,114.92631277728212
130,116.8473414522616
130,107.52107626409176
130,113.81714380184295
130,108.87545128303722
130,105.69313041051232
130,114.07935942781272
130,107.47166638775589
130,111.41119465191133
130,110.15840236594879
130,113.88485479163212
130,118.11654576704866
130,101.26676211943129
130,106.77190242731461
130,114.33498595586111
130,106.21311449264591
130,103.97963744920192
130,112.47727808007524
130,113.15546677626172
130,107.12562447682862
130,112.09125637311006
130,103.7265622439325
130,111.22561592545406
130,117.58207628918407
130,112.11165124171748
130,121.15836647159504
130,111.07671064457745
130,105.75518275891714
130,110.57001132636448
130,103.63353509305135
130,115.0668910188953
130,110.16172640948972
130,107.37488029061372
130,106.10460855860242
130,90.60241101152911
130,112.5828876001757
130,99.81785683323764
130,104.83954696062064
130,102.77123274815436
130,99.72307647252245
130,116.03253932624263
130,109.28132551294883
130,104.18399375495719
130,102.04953287584038
130,103.37931970183386
130,100.41903024122611
130,102.17821923336969
129,111.39155803003348
128,114.51673632166239
127,108.56562195622068
126,112.35244215339796
125,108.34033934845539
124,108.2431271166365
123,106.58388438206316
122,114.05182166005964
121,113.49075211190711
120,100.26450769638541
119,106.22383817193047
118,110.88677354817631
117,93.93095187460098
116,101.51597763637074
115,104.14488579141572
114,85.3930201137842
113,103.4805071366986
112,91.84019217829253
111,104.3202226952901
110,104.02265023780055
109,91.32420420484219
108,106.46562332454674
107,94.06115038140217
106,111.23037214588973
105,100.92193833774316
104,89.85214489687827
103,92.86208025823841
102,89.97757940783954
101,111.34052175468574
100,95.14872918443635
99,96.68272736248727
98,99.35663298378962
97,86.82232677532814
96,106.88787316607088
95,99.19882170441699
94,102.45455405320136
93,111.72978415055375
92,97.90553517586096
91,101.12055639948501
90,100.32032886644241
89,85.42239482189818
88,109.70922684950744
87,91.78897077133402
86,96.87769941317966
85,94.1390315226293
84,97.6224026631778
83,99.56404249331567
82,104.43545108957977
81,75.98873870573871
80,91.65903937338784
79,73.70106970263062
78,96.63623297378984
77,105.77015791610108
76,100.42455083958039
75,87.4882993547516
74,87.12619896561799
73,77.813732269526
72,81.88587706460058
71,88.94969329407881
70,110.1043817196685
69,84.73541494167974
68,82.76808008022638
67,96.64808508195466
66,82.8857757495706
65,78.95051257183519
64,85.23576951548995
63,85.80759282510107
62,89.39818647969778
61,97.1907902540892
60,86.155807271766
59,90.89373857742636
58,73.54694121271571
57,74.96845279667446
56,73.45052184517932
55,62.5369915304206
54,72.18533618391128
53,68.62656169390631
52,87.98103185177031
51,49.74579844714148
50,77.65059498551327
49,78.4081277206339
48,63.39651132522872
47,83.38949439449446
46,52.062983581003685
45,39.98551680198622
44,50.017212864993525
43,54.6504607931081
42,40.39710023054851
41,51.32370256194002
40,48.74296767602369
39,51.84136553240967
38,65.68302637361171
37,50.01785154309292
36,43.656313691594754
35,30.03398472208568
34,52.734192493904565
33,42.663646717990105
32,28.682545887654925
31,24.968625604267892
30,20.62014311205345
29,28.664436028776514
28,23.19195382326648
27,30.02028197797857
26,21.014735497994923
25,57.4197683982684
24,35.533638055228344
23,21.87082864631854
22,24.799523858213938
21,18.337518865288757
20,39.177368607266736
19,24.088249566858263
18,29.3867761235188
17,19.194307402360053
16,14.736120562676232
15,37.384015455713325
14,23.959808872524896
13,17.385373738717764
12,9.626255743496813
11,14.295439866882521
10,8.07937183713754
9,7.464976047737835
8,13.905697638604027
7,6.685237099811593
6,6.77908304629757
5,4.643904829589712
4,5.485096449081985
3,3.8345626748995407
2,5.5146319383027285
1,3.5863730288283135
0,2.1588951668638607
